workerid,proliferate.condition,adj,label,object,response,rt,slide_number_in_experiment,utterance,error
116,condition1,,,Jessica,Jessica,0,1,bot_check,
116,condition1,straight,hair_straight_blond,hair,[0.25],7234,3,,
116,condition1,long,pencil_long_black,pencil,[0.89],4382,4,,
116,condition1,fat,woman2_happy_fat,woman,[1],3887,5,,
116,condition1,old,man_old_bearded,man,[0.74],2589,6,,
116,condition1,spotted,frog_spotted_green,frog,[0.16],5444,7,,
116,condition1,cardboard,box_closed_cardboard,box,[0.11],5693,8,,
116,condition1,colored,picture_colored_rectangular,picture,[0.15],5532,9,,
116,condition1,dry,shorts_dry_green,shorts,[0.35],4750,10,,
116,condition1,open,box_open_cardboard,box,[0.42],3034,11,,
116,condition1,clean-shaven,man_old_cleanshaven,man,[0.07],3458,12,,
116,condition1,clean,spoon_metal_clean,spoon,[0.82],3694,13,,
116,condition1,sad,woman_old_sad,woman,[1],2346,14,,
116,condition1,blue,pencil_long_blue,pencil,[0.25],4924,15,,
116,condition1,curly,hair_curly_blonde,hair,[0.16],2730,16,,
116,condition1,young,man_young_bearded,man,[0.94],2436,17,,
116,condition1,green,frog_spotted_green,frog,[0.17],1950,18,,
116,condition1,dirty,spoon_metal_dirty,spoon,[1],2562,19,,
116,condition1,red,frog_spotted_red,frog,[0.17],4242,20,,
116,condition1,happy,woman_old_happy,woman,[1],1904,21,,
116,condition1,black and white,picture_bw_rectangular,picture,[0.74],5294,22,,
116,condition1,metal,spoon_metal_clean,spoon,[0.08],5052,23,,
116,condition1,round,earring_big_round,earring,[0.07],2700,24,,
116,condition1,bearded,man_old_bearded,man,[0.2],2490,25,,
116,condition1,mustache-touting,man2_mustached_glassed,man,[0.1],3518,26,,
116,condition1,square,picture_bw_square,picture,[0.11],3002,27,,
116,condition1,blond,hair_curly_blonde,hair,[0.28],2924,28,,
116,condition1,short,pencil_short_black,pencil,[0.71],2530,29,,
116,condition1,striped,frog_striped_green,frog,[0.15],3455,30,,
116,condition1,closed,box_closed_cardboard,box,[0.48],3802,31,,
116,condition1,hat-wearing,man2_bearded_hatted,man,[0.01],2471,32,,
116,condition1,plastic,bottle_plastic_big,bottle,[0.45],3289,33,,
116,condition1,glossy,nails_black_glossy,nails,[0.42],2506,34,,
116,condition1,high,table_metal_high,table,[0.89],2274,35,,
116,condition1,glasses-wearing,man2_bearded_glassed,man,[0.06],2452,36,,
116,condition1,rectangular,picture_bw_rectangular,picture,[0.08],3018,37,,
116,condition1,black,nails_black_glossy,nails,[0.05],3982,38,,
116,condition1,wooden,spoon_wooden_clean,spoon,[0.21],2696,39,,
116,condition1,skinny,woman2_happy_skinny,woman,[0.91],3424,40,,
116,condition1,wet,shorts_wet_green,shorts,[0.51],3020,41,,
116,condition1,matte,nails_black_matte,nails,[0.32],2663,42,,
116,condition1,big,bottle_glass_big,bottle,[0.96],2441,43,,
116,condition1,small,bottle_glass_small,bottle,[0.99],2140,44,,
116,condition1,glass,bottle_glass_big,bottle,[0.09],2096,45,,
116,condition1,low,table_metal_low,table,[0.92],3651,46,,
116,condition1,brown,hair_curly_brown,hair,[0.16],3679,47,,
116,condition1,triangular,earring_big_triangular,earring,[0.05],2271,48,,
20,condition1,,,Barbara,barbara,0,1,bot_check,
20,condition1,glossy,nails_black_glossy,nails,[0.52],9222,3,,
20,condition1,brown,hair_curly_brown,hair,[0.5],2888,4,,
20,condition1,low,table_metal_low,table,[0.16],5452,5,,
20,condition1,triangular,earring_big_triangular,earring,[0.81],3281,6,,
20,condition1,cardboard,box_closed_cardboard,box,[0.7],2186,7,,
20,condition1,wet,shorts_wet_green,shorts,[0.99],4403,8,,
20,condition1,fat,woman2_happy_fat,woman,[0.97],1823,9,,
20,condition1,glasses-wearing,man2_bearded_glassed,man,[0.01],2847,10,,
20,condition1,big,bottle_glass_big,bottle,[0.94],2524,11,,
20,condition1,striped,frog_striped_green,frog,[0.73],2102,12,,
20,condition1,blue,pencil_long_blue,pencil,[0.5],2795,13,,
20,condition1,short,pencil_short_black,pencil,[0.49],1381,14,,
20,condition1,high,table_metal_high,table,[0.5],1177,15,,
20,condition1,bearded,man_old_bearded,man,[0.5],6429,16,,
20,condition1,closed,box_closed_cardboard,box,[0.95],2959,17,,
20,condition1,rectangular,picture_bw_rectangular,picture,[0.8],2319,18,,
20,condition1,dry,shorts_dry_green,shorts,[0.58],1793,19,,
20,condition1,metal,spoon_metal_clean,spoon,[0.54],1674,20,,
20,condition1,young,man_young_bearded,man,[0.42],1406,21,,
20,condition1,curly,hair_curly_blonde,hair,[0.67],2653,22,,
20,condition1,blond,hair_curly_blonde,hair,[0.73],1661,23,,
20,condition1,glass,bottle_glass_big,bottle,[0.53],3768,24,,
20,condition1,dirty,spoon_metal_dirty,spoon,[0.51],6597,25,,
20,condition1,clean-shaven,man_old_cleanshaven,man,[0.51],1927,26,,
20,condition1,square,picture_bw_square,picture,[0.99],2186,27,,
20,condition1,open,box_open_cardboard,box,[0.9],2584,28,,
20,condition1,green,frog_spotted_green,frog,[0.76],1169,29,,
20,condition1,sad,woman_old_sad,woman,[0.6],978,30,,
20,condition1,small,bottle_glass_small,bottle,[0.44],1197,31,,
20,condition1,long,pencil_long_black,pencil,[0.44],9308,32,,
20,condition1,spotted,frog_spotted_green,frog,[0.52],1459,33,,
20,condition1,black and white,picture_bw_rectangular,picture,[0.57],1016,34,,
20,condition1,black,nails_black_glossy,nails,[0.6],1221,35,,
20,condition1,clean,spoon_metal_clean,spoon,[0.74],1122,36,,
20,condition1,red,frog_spotted_red,frog,[0.73],1033,37,,
20,condition1,mustache-touting,man2_mustached_glassed,man,[0.58],1356,38,,
20,condition1,plastic,bottle_plastic_big,bottle,[0.61],1836,39,,
20,condition1,straight,hair_straight_blond,hair,[0.5],7466,40,,
20,condition1,skinny,woman2_happy_skinny,woman,[0.54],1619,41,,
20,condition1,wooden,spoon_wooden_clean,spoon,[0.72],1401,42,,
20,condition1,round,earring_big_round,earring,[0.34],1631,43,,
20,condition1,colored,picture_colored_rectangular,picture,[0.42],1330,44,,
20,condition1,hat-wearing,man2_bearded_hatted,man,[0.27],2014,45,,
20,condition1,matte,nails_black_matte,nails,[0.3],1939,46,,
20,condition1,old,man_old_bearded,man,[0.39],1562,47,,
20,condition1,happy,woman_old_happy,woman,[0.29],1438,48,,
47,condition1,,,Susan,Susan,0,1,bot_check,
47,condition1,round,earring_big_round,earring,[0.16],17213,3,,
47,condition1,green,frog_spotted_green,frog,[0],3809,4,,
47,condition1,long,pencil_long_black,pencil,[1],5180,5,,
47,condition1,fat,woman2_happy_fat,woman,[0.75],5128,6,,
47,condition1,dirty,spoon_metal_dirty,spoon,[0.75],3013,7,,
47,condition1,skinny,woman2_happy_skinny,woman,[0.71],1537,8,,
47,condition1,curly,hair_curly_blonde,hair,[0.79],2274,9,,
47,condition1,black and white,picture_bw_rectangular,picture,[0.01],2579,10,,
47,condition1,bearded,man_old_bearded,man,[0.01],1954,11,,
47,condition1,sad,woman_old_sad,woman,[0.54],3740,12,,
47,condition1,matte,nails_black_matte,nails,[0.72],4651,13,,
47,condition1,clean-shaven,man_old_cleanshaven,man,[0.01],2037,14,,
47,condition1,closed,box_closed_cardboard,box,[0.27],28116,15,,
47,condition1,colored,picture_colored_rectangular,picture,[0.08],1409,16,,
47,condition1,mustache-touting,man2_mustached_glassed,man,[0.01],10845,17,,
47,condition1,wet,shorts_wet_green,shorts,[0.62],5292,18,,
47,condition1,glossy,nails_black_glossy,nails,[0.42],917,19,,
47,condition1,high,table_metal_high,table,[0.7],1285,20,,
47,condition1,big,bottle_glass_big,bottle,[0.23],1430,21,,
47,condition1,plastic,bottle_plastic_big,bottle,[0.4],751,22,,
47,condition1,dry,shorts_dry_green,shorts,[0.67],579,23,,
47,condition1,old,man_old_bearded,man,[0.31],983,24,,
47,condition1,glass,bottle_glass_big,bottle,[0.7],543,25,,
47,condition1,square,picture_bw_square,picture,[0.15],1314,26,,
47,condition1,red,frog_spotted_red,frog,[0.53],1358,27,,
47,condition1,happy,woman_old_happy,woman,[0.7],541,28,,
47,condition1,triangular,earring_big_triangular,earring,[0.15],1415,29,,
47,condition1,young,man_young_bearded,man,[0.72],822,30,,
47,condition1,straight,hair_straight_blond,hair,[0.65],571,31,,
47,condition1,metal,spoon_metal_clean,spoon,[0.66],1656,32,,
47,condition1,low,table_metal_low,table,[0.74],2868,33,,
47,condition1,cardboard,box_closed_cardboard,box,[0.15],1459,34,,
47,condition1,striped,frog_striped_green,frog,[0.79],10917,35,,
47,condition1,wooden,spoon_wooden_clean,spoon,[0.16],5535,36,,
47,condition1,glasses-wearing,man2_bearded_glassed,man,[0],2787,37,,
47,condition1,rectangular,picture_bw_rectangular,picture,[0.32],1772,38,,
47,condition1,brown,hair_curly_brown,hair,[0.07],1711,39,,
47,condition1,small,bottle_glass_small,bottle,[0.69],1990,40,,
47,condition1,open,box_open_cardboard,box,[0.08],2007,41,,
47,condition1,short,pencil_short_black,pencil,[0.48],1870,42,,
47,condition1,blue,pencil_long_blue,pencil,[0.1],1323,43,,
47,condition1,clean,spoon_metal_clean,spoon,[0.11],1362,44,,
47,condition1,spotted,frog_spotted_green,frog,[0.16],1807,45,,
47,condition1,black,nails_black_glossy,nails,[0.23],1463,46,,
47,condition1,hat-wearing,man2_bearded_hatted,man,[0.05],1231,47,,
47,condition1,blond,hair_curly_blonde,hair,[0.42],3096,48,,
45,condition1,,,Sarah,Sarah,0,1,bot_check,
45,condition1,dirty,spoon_metal_dirty,spoon,[0.51],40620,3,,
45,condition1,short,pencil_short_black,pencil,[0.65],12470,4,,
45,condition1,glass,bottle_glass_big,bottle,[0],4711,5,,
45,condition1,clean-shaven,man_old_cleanshaven,man,[0.74],7551,6,,
45,condition1,young,man_young_bearded,man,[1],3272,7,,
45,condition1,high,table_metal_high,table,[0.75],8743,8,,
45,condition1,square,picture_bw_square,picture,[0],6399,9,,
45,condition1,long,pencil_long_black,pencil,[0.84],5536,10,,
45,condition1,mustache-touting,man2_mustached_glassed,man,[0.52],4544,11,,
45,condition1,metal,spoon_metal_clean,spoon,[0.79],10543,12,,
45,condition1,green,frog_spotted_green,frog,[0.19],6592,13,,
45,condition1,blue,pencil_long_blue,pencil,[0.14],2822,14,,
45,condition1,colored,picture_colored_rectangular,picture,[0.13],3632,15,,
45,condition1,happy,woman_old_happy,woman,[0.63],7256,16,,
45,condition1,glossy,nails_black_glossy,nails,[0.81],3479,17,,
45,condition1,skinny,woman2_happy_skinny,woman,[0.36],6200,18,,
45,condition1,old,man_old_bearded,man,[0.41],4695,19,,
45,condition1,clean,spoon_metal_clean,spoon,[0.71],4360,20,,
45,condition1,black,nails_black_glossy,nails,[0.49],4312,21,,
45,condition1,low,table_metal_low,table,[0.75],4617,22,,
45,condition1,open,box_open_cardboard,box,[0.64],3799,23,,
45,condition1,curly,hair_curly_blonde,hair,[0.82],3271,24,,
45,condition1,fat,woman2_happy_fat,woman,[0.35],2567,25,,
45,condition1,rectangular,picture_bw_rectangular,picture,[0],4698,26,,
45,condition1,plastic,bottle_plastic_big,bottle,[0],2645,27,,
45,condition1,cardboard,box_closed_cardboard,box,[0],2016,28,,
45,condition1,dry,shorts_dry_green,shorts,[0.14],4912,29,,
45,condition1,wooden,spoon_wooden_clean,spoon,[0.5],3879,30,,
45,condition1,straight,hair_straight_blond,hair,[1],7319,31,,
45,condition1,triangular,earring_big_triangular,earring,[0],4087,32,,
45,condition1,small,bottle_glass_small,bottle,[0.26],3496,33,,
45,condition1,wet,shorts_wet_green,shorts,[0.22],3951,34,,
45,condition1,blond,hair_curly_blonde,hair,[0.17],3640,35,,
45,condition1,bearded,man_old_bearded,man,[0.24],2088,36,,
45,condition1,round,earring_big_round,earring,[0.13],2999,37,,
45,condition1,sad,woman_old_sad,woman,[0.54],5367,38,,
45,condition1,spotted,frog_spotted_green,frog,[0.14],3289,39,,
45,condition1,striped,frog_striped_green,frog,[0],2016,40,,
45,condition1,big,bottle_glass_big,bottle,[0.19],4590,41,,
45,condition1,black and white,picture_bw_rectangular,picture,[0.62],7935,42,,
45,condition1,hat-wearing,man2_bearded_hatted,man,[0.77],3719,43,,
45,condition1,matte,nails_black_matte,nails,[0.54],2743,44,,
45,condition1,closed,box_closed_cardboard,box,[0.1],3920,45,,
45,condition1,glasses-wearing,man2_bearded_glassed,man,[0],4585,46,,
45,condition1,brown,hair_curly_brown,hair,[0],7070,47,,
45,condition1,red,frog_spotted_red,frog,[0],2473,48,,
42,condition1,,,Margaret,Margaret,0,1,bot_check,
42,condition1,round,earring_big_round,earring,[0.13],8064,3,,
42,condition1,glass,bottle_glass_big,bottle,[0],3720,4,,
42,condition1,closed,box_closed_cardboard,box,[0.51],3694,5,,
42,condition1,old,man_old_bearded,man,[0.91],3561,6,,
42,condition1,black and white,picture_bw_rectangular,picture,[0.24],4705,7,,
42,condition1,glasses-wearing,man2_bearded_glassed,man,[0.15],3036,8,,
42,condition1,triangular,earring_big_triangular,earring,[0.39],3909,9,,
42,condition1,open,box_open_cardboard,box,[0.51],2421,10,,
42,condition1,wooden,spoon_wooden_clean,spoon,[0.13],2029,11,,
42,condition1,blue,pencil_long_blue,pencil,[0.11],3908,12,,
42,condition1,low,table_metal_low,table,[0.91],3070,13,,
42,condition1,red,frog_spotted_red,frog,[0.18],4000,14,,
42,condition1,straight,hair_straight_blond,hair,[0.49],2982,15,,
42,condition1,short,pencil_short_black,pencil,[0.75],2234,16,,
42,condition1,wet,shorts_wet_green,shorts,[0.51],2818,17,,
42,condition1,curly,hair_curly_blonde,hair,[0.49],2110,18,,
42,condition1,sad,woman_old_sad,woman,[0.88],2698,19,,
42,condition1,glossy,nails_black_glossy,nails,[0.56],2514,20,,
42,condition1,dry,shorts_dry_green,shorts,[0.64],2338,21,,
42,condition1,high,table_metal_high,table,[0.89],2250,22,,
42,condition1,skinny,woman2_happy_skinny,woman,[0.96],2208,23,,
42,condition1,hat-wearing,man2_bearded_hatted,man,[0.2],2432,24,,
42,condition1,big,bottle_glass_big,bottle,[0.83],3260,25,,
42,condition1,brown,hair_curly_brown,hair,[0.17],2170,26,,
42,condition1,striped,frog_striped_green,frog,[0.08],2616,27,,
42,condition1,rectangular,picture_bw_rectangular,picture,[0.27],1797,28,,
42,condition1,metal,spoon_metal_clean,spoon,[0.01],2523,29,,
42,condition1,clean-shaven,man_old_cleanshaven,man,[0.64],2184,30,,
42,condition1,plastic,bottle_plastic_big,bottle,[0.04],3334,31,,
42,condition1,dirty,spoon_metal_dirty,spoon,[0.81],2658,32,,
42,condition1,cardboard,box_closed_cardboard,box,[0.02],2058,33,,
42,condition1,clean,spoon_metal_clean,spoon,[0.7],1736,34,,
42,condition1,young,man_young_bearded,man,[0.93],1744,35,,
42,condition1,blond,hair_curly_blonde,hair,[0.33],4310,36,,
42,condition1,happy,woman_old_happy,woman,[0.88],3104,37,,
42,condition1,mustache-touting,man2_mustached_glassed,man,[0.68],3682,38,,
42,condition1,matte,nails_black_matte,nails,[0.41],4610,39,,
42,condition1,long,pencil_long_black,pencil,[0.87],2542,40,,
42,condition1,small,bottle_glass_small,bottle,[0.91],1958,41,,
42,condition1,fat,woman2_happy_fat,woman,[1],1907,42,,
42,condition1,bearded,man_old_bearded,man,[0.28],1855,43,,
42,condition1,black,nails_black_glossy,nails,[0.12],3000,44,,
42,condition1,colored,picture_colored_rectangular,picture,[0.21],2140,45,,
42,condition1,spotted,frog_spotted_green,frog,[0.13],2274,46,,
42,condition1,square,picture_bw_square,picture,[0.14],3284,47,,
42,condition1,green,frog_spotted_green,frog,[0.12],2430,48,,
37,condition1,,,Margaret,Margaret,0,1,bot_check,
37,condition1,curly,hair_curly_blonde,hair,[0.09],21300,3,,
37,condition1,dirty,spoon_metal_dirty,spoon,[0.59],3502,4,,
37,condition1,closed,box_closed_cardboard,box,[0],2411,5,,
37,condition1,striped,frog_striped_green,frog,[0.18],1998,6,,
37,condition1,small,bottle_glass_small,bottle,[0.61],2024,7,,
37,condition1,long,pencil_long_black,pencil,[0.58],3148,8,,
37,condition1,black and white,picture_bw_rectangular,picture,[0],1542,9,,
37,condition1,triangular,earring_big_triangular,earring,[0],1379,10,,
37,condition1,young,man_young_bearded,man,[0.59],2435,11,,
37,condition1,metal,spoon_metal_clean,spoon,[0],1700,12,,
37,condition1,round,earring_big_round,earring,[0.45],1950,13,,
37,condition1,happy,woman_old_happy,woman,[1],2191,14,,
37,condition1,brown,hair_curly_brown,hair,[0],1610,15,,
37,condition1,plastic,bottle_plastic_big,bottle,[0.03],1583,16,,
37,condition1,mustache-touting,man2_mustached_glassed,man,[0.47],2856,17,,
37,condition1,big,bottle_glass_big,bottle,[0.71],1671,18,,
37,condition1,wet,shorts_wet_green,shorts,[0.19],1596,19,,
37,condition1,bearded,man_old_bearded,man,[0.32],1624,20,,
37,condition1,cardboard,box_closed_cardboard,box,[0.09],3139,21,,
37,condition1,open,box_open_cardboard,box,[0.09],1788,22,,
37,condition1,glossy,nails_black_glossy,nails,[0.61],2413,23,,
37,condition1,glass,bottle_glass_big,bottle,[0.01],1456,24,,
37,condition1,high,table_metal_high,table,[0.18],1839,25,,
37,condition1,fat,woman2_happy_fat,woman,[0.78],1780,26,,
37,condition1,red,frog_spotted_red,frog,[0],1490,27,,
37,condition1,blue,pencil_long_blue,pencil,[0],1379,28,,
37,condition1,clean-shaven,man_old_cleanshaven,man,[0.33],2424,29,,
37,condition1,matte,nails_black_matte,nails,[0.05],1695,30,,
37,condition1,square,picture_bw_square,picture,[0.13],1854,31,,
37,condition1,wooden,spoon_wooden_clean,spoon,[0.15],1392,32,,
37,condition1,spotted,frog_spotted_green,frog,[0.39],2356,33,,
37,condition1,black,nails_black_glossy,nails,[0.06],1288,34,,
37,condition1,short,pencil_short_black,pencil,[0.63],1434,35,,
37,condition1,blond,hair_curly_blonde,hair,[0.21],1983,36,,
37,condition1,sad,woman_old_sad,woman,[0.86],1448,37,,
37,condition1,dry,shorts_dry_green,shorts,[0.18],1441,38,,
37,condition1,old,man_old_bearded,man,[0.79],1348,39,,
37,condition1,skinny,woman2_happy_skinny,woman,[0.81],1135,40,,
37,condition1,green,frog_spotted_green,frog,[0.07],2586,41,,
37,condition1,low,table_metal_low,table,[0.17],1880,42,,
37,condition1,glasses-wearing,man2_bearded_glassed,man,[0.03],1610,43,,
37,condition1,colored,picture_colored_rectangular,picture,[0.08],2667,44,,
37,condition1,hat-wearing,man2_bearded_hatted,man,[0.14],1919,45,,
37,condition1,rectangular,picture_bw_rectangular,picture,[0.07],1598,46,,
37,condition1,straight,hair_straight_blond,hair,[0.68],2424,47,,
37,condition1,clean,spoon_metal_clean,spoon,[0.74],1374,48,,
17,condition1,,,Jessica,Jessica,0,1,bot_check,
17,condition1,straight,hair_straight_blond,hair,[0.06],8616,3,,
17,condition1,striped,frog_striped_green,frog,[0.04],4413,4,,
17,condition1,young,man_young_bearded,man,[0.55],5760,5,,
17,condition1,open,box_open_cardboard,box,[0.06],6143,6,,
17,condition1,brown,hair_curly_brown,hair,[0.05],4382,7,,
17,condition1,curly,hair_curly_blonde,hair,[0.33],4141,8,,
17,condition1,glass,bottle_glass_big,bottle,[0],3634,9,,
17,condition1,hat-wearing,man2_bearded_hatted,man,[0],3029,10,,
17,condition1,fat,woman2_happy_fat,woman,[0.68],6625,11,,
17,condition1,black and white,picture_bw_rectangular,picture,[0.07],6313,12,,
17,condition1,rectangular,picture_bw_rectangular,picture,[0],2636,13,,
17,condition1,bearded,man_old_bearded,man,[0],2779,14,,
17,condition1,plastic,bottle_plastic_big,bottle,[0],3460,15,,
17,condition1,colored,picture_colored_rectangular,picture,[0.48],6560,16,,
17,condition1,low,table_metal_low,table,[0.47],8403,17,,
17,condition1,clean,spoon_metal_clean,spoon,[0.3],3868,18,,
17,condition1,glasses-wearing,man2_bearded_glassed,man,[0.01],3219,19,,
17,condition1,blond,hair_curly_blonde,hair,[0.09],3830,20,,
17,condition1,small,bottle_glass_small,bottle,[0.51],5328,21,,
17,condition1,red,frog_spotted_red,frog,[0.04],3772,22,,
17,condition1,big,bottle_glass_big,bottle,[0.56],10709,23,,
17,condition1,square,picture_bw_square,picture,[0],3886,24,,
17,condition1,wooden,spoon_wooden_clean,spoon,[0],3940,25,,
17,condition1,spotted,frog_spotted_green,frog,[0.02],2684,26,,
17,condition1,mustache-touting,man2_mustached_glassed,man,[0.05],5279,27,,
17,condition1,green,frog_spotted_green,frog,[0.05],2530,28,,
17,condition1,closed,box_closed_cardboard,box,[0.3],3798,29,,
17,condition1,dry,shorts_dry_green,shorts,[0.14],5053,30,,
17,condition1,triangular,earring_big_triangular,earring,[0.01],3749,31,,
17,condition1,old,man_old_bearded,man,[0.65],8042,32,,
17,condition1,blue,pencil_long_blue,pencil,[0.05],4030,33,,
17,condition1,wet,shorts_wet_green,shorts,[0.08],2923,34,,
17,condition1,sad,woman_old_sad,woman,[0.51],6440,35,,
17,condition1,round,earring_big_round,earring,[0.05],2852,36,,
17,condition1,long,pencil_long_black,pencil,[0.41],4718,37,,
17,condition1,clean-shaven,man_old_cleanshaven,man,[0.09],2417,38,,
17,condition1,glossy,nails_black_glossy,nails,[0.25],3222,39,,
17,condition1,happy,woman_old_happy,woman,[0.83],3028,40,,
17,condition1,matte,nails_black_matte,nails,[0.04],4590,41,,
17,condition1,short,pencil_short_black,pencil,[0.44],3131,42,,
17,condition1,skinny,woman2_happy_skinny,woman,[0.58],5111,43,,
17,condition1,metal,spoon_metal_clean,spoon,[0],3323,44,,
17,condition1,high,table_metal_high,table,[0.5],3636,45,,
17,condition1,cardboard,box_closed_cardboard,box,[0.06],3020,46,,
17,condition1,black,nails_black_glossy,nails,[0.21],4284,47,,
17,condition1,dirty,spoon_metal_dirty,spoon,[0.42],6490,48,,
11,condition1,,,Patricia,Patricia,0,1,bot_check,
11,condition1,short,pencil_short_black,pencil,[0.52],10789,3,,
11,condition1,young,man_young_bearded,man,[0.33],3687,4,,
11,condition1,black and white,picture_bw_rectangular,picture,[0.52],6847,5,,
11,condition1,colored,picture_colored_rectangular,picture,[0.21],8681,6,,
11,condition1,round,earring_big_round,earring,[0],4877,7,,
11,condition1,closed,box_closed_cardboard,box,[0],3248,8,,
11,condition1,glossy,nails_black_glossy,nails,[0.31],6165,9,,
11,condition1,low,table_metal_low,table,[0.63],3848,10,,
11,condition1,long,pencil_long_black,pencil,[0.69],2318,11,,
11,condition1,metal,spoon_metal_clean,spoon,[0],3032,12,,
11,condition1,fat,woman2_happy_fat,woman,[0.64],2390,13,,
11,condition1,striped,frog_striped_green,frog,[0],3048,14,,
11,condition1,dry,shorts_dry_green,shorts,[0],2581,15,,
11,condition1,clean-shaven,man_old_cleanshaven,man,[0.21],4775,16,,
11,condition1,triangular,earring_big_triangular,earring,[0],2697,17,,
11,condition1,dirty,spoon_metal_dirty,spoon,[0.72],2174,18,,
11,condition1,big,bottle_glass_big,bottle,[0.69],1937,19,,
11,condition1,curly,hair_curly_blonde,hair,[0.22],4464,20,,
11,condition1,wet,shorts_wet_green,shorts,[0.21],4830,21,,
11,condition1,mustache-touting,man2_mustached_glassed,man,[0.69],3332,22,,
11,condition1,brown,hair_curly_brown,hair,[0],2633,23,,
11,condition1,sad,woman_old_sad,woman,[0.69],3492,24,,
11,condition1,wooden,spoon_wooden_clean,spoon,[0],2801,25,,
11,condition1,blue,pencil_long_blue,pencil,[0],2577,26,,
11,condition1,square,picture_bw_square,picture,[0],2061,27,,
11,condition1,black,nails_black_glossy,nails,[0],2026,28,,
11,condition1,plastic,bottle_plastic_big,bottle,[0],2518,29,,
11,condition1,straight,hair_straight_blond,hair,[0],2441,30,,
11,condition1,red,frog_spotted_red,frog,[0],2302,31,,
11,condition1,glasses-wearing,man2_bearded_glassed,man,[0],2826,32,,
11,condition1,blond,hair_curly_blonde,hair,[0.17],3092,33,,
11,condition1,bearded,man_old_bearded,man,[0],1962,34,,
11,condition1,clean,spoon_metal_clean,spoon,[0.68],2502,35,,
11,condition1,high,table_metal_high,table,[0.74],2125,36,,
11,condition1,skinny,woman2_happy_skinny,woman,[0.74],2201,37,,
11,condition1,old,man_old_bearded,man,[0.67],5658,38,,
11,condition1,small,bottle_glass_small,bottle,[0.73],2817,39,,
11,condition1,spotted,frog_spotted_green,frog,[0],2830,40,,
11,condition1,matte,nails_black_matte,nails,[0.04],5050,41,,
11,condition1,green,frog_spotted_green,frog,[0],2805,42,,
11,condition1,happy,woman_old_happy,woman,[0.67],4088,43,,
11,condition1,hat-wearing,man2_bearded_hatted,man,[0],2865,44,,
11,condition1,glass,bottle_glass_big,bottle,[0],2278,45,,
11,condition1,rectangular,picture_bw_rectangular,picture,[0],1834,46,,
11,condition1,open,box_open_cardboard,box,[0],2262,47,,
11,condition1,cardboard,box_closed_cardboard,box,[0],1930,48,,
19,condition1,,,Barbara,Barbara,0,1,bot_check,
19,condition1,rectangular,picture_bw_rectangular,picture,[0.33],23877,3,,
19,condition1,plastic,bottle_plastic_big,bottle,[0.1],6656,4,,
19,condition1,sad,woman_old_sad,woman,[0.88],7856,5,,
19,condition1,curly,hair_curly_blonde,hair,[0.55],7216,6,,
19,condition1,high,table_metal_high,table,[0.94],10080,7,,
19,condition1,wet,shorts_wet_green,shorts,[0.03],8872,8,,
19,condition1,dirty,spoon_metal_dirty,spoon,[0.3],8560,9,,
19,condition1,matte,nails_black_matte,nails,[0],5496,10,,
19,condition1,clean,spoon_metal_clean,spoon,[0.04],5335,11,,
19,condition1,glasses-wearing,man2_bearded_glassed,man,[0],5713,12,,
19,condition1,triangular,earring_big_triangular,earring,[0.32],4936,13,,
19,condition1,clean-shaven,man_old_cleanshaven,man,[0],26847,14,,
19,condition1,square,picture_bw_square,picture,[0],6976,15,,
19,condition1,black and white,picture_bw_rectangular,picture,[0.13],7224,16,,
19,condition1,striped,frog_striped_green,frog,[0],5640,17,,
19,condition1,cardboard,box_closed_cardboard,box,[0],3184,18,,
19,condition1,hat-wearing,man2_bearded_hatted,man,[0],2951,19,,
19,condition1,short,pencil_short_black,pencil,[0.83],7144,20,,
19,condition1,long,pencil_long_black,pencil,[0.76],3872,21,,
19,condition1,low,table_metal_low,table,[0.7],2416,22,,
19,condition1,glass,bottle_glass_big,bottle,[0],3320,23,,
19,condition1,glossy,nails_black_glossy,nails,[0.05],4360,24,,
19,condition1,green,frog_spotted_green,frog,[0.5],7176,25,,
19,condition1,wooden,spoon_wooden_clean,spoon,[0.26],4895,26,,
19,condition1,blond,hair_curly_blonde,hair,[0.05],2968,27,,
19,condition1,closed,box_closed_cardboard,box,[0],2904,28,,
19,condition1,open,box_open_cardboard,box,[0],3040,29,,
19,condition1,brown,hair_curly_brown,hair,[0.5],4367,30,,
19,condition1,bearded,man_old_bearded,man,[0.4],5384,31,,
19,condition1,small,bottle_glass_small,bottle,[0.81],5360,32,,
19,condition1,old,man_old_bearded,man,[0.91],4016,33,,
19,condition1,dry,shorts_dry_green,shorts,[0.16],4551,34,,
19,condition1,black,nails_black_glossy,nails,[0.34],3992,35,,
19,condition1,skinny,woman2_happy_skinny,woman,[0.81],2776,36,,
19,condition1,happy,woman_old_happy,woman,[1],4488,37,,
19,condition1,blue,pencil_long_blue,pencil,[0.77],2279,38,,
19,condition1,mustache-touting,man2_mustached_glassed,man,[0.28],9663,39,,
19,condition1,round,earring_big_round,earring,[0.06],4817,40,,
19,condition1,colored,picture_colored_rectangular,picture,[0.18],4744,41,,
19,condition1,fat,woman2_happy_fat,woman,[0.62],6288,42,,
19,condition1,young,man_young_bearded,man,[0.95],2904,43,,
19,condition1,big,bottle_glass_big,bottle,[0.84],2399,44,,
19,condition1,straight,hair_straight_blond,hair,[0.17],4833,45,,
19,condition1,spotted,frog_spotted_green,frog,[0.03],2447,46,,
19,condition1,metal,spoon_metal_clean,spoon,[0],2368,47,,
19,condition1,red,frog_spotted_red,frog,[0.74],2704,48,,
28,condition1,,,Patricia,Patricia,0,1,bot_check,
28,condition1,brown,hair_curly_brown,hair,[1],19747,3,,
28,condition1,wooden,spoon_wooden_clean,spoon,[0.32],4318,4,,
28,condition1,low,table_metal_low,table,[0.51],5032,5,,
28,condition1,straight,hair_straight_blond,hair,[0.7],7596,6,,
28,condition1,striped,frog_striped_green,frog,[1],3962,7,,
28,condition1,blond,hair_curly_blonde,hair,[1],3536,8,,
28,condition1,glasses-wearing,man2_bearded_glassed,man,[1],3190,9,,
28,condition1,closed,box_closed_cardboard,box,[0.45],3992,10,,
28,condition1,open,box_open_cardboard,box,[0.42],1970,11,,
28,condition1,red,frog_spotted_red,frog,[0.52],3610,12,,
28,condition1,round,earring_big_round,earring,[0.49],4814,13,,
28,condition1,short,pencil_short_black,pencil,[0.49],95473,14,,
28,condition1,blue,pencil_long_blue,pencil,[0.74],5263,15,,
28,condition1,matte,nails_black_matte,nails,[0.77],150348,16,,
28,condition1,cardboard,box_closed_cardboard,box,[1],2866,17,,
28,condition1,young,man_young_bearded,man,[0.8],4080,18,,
28,condition1,black,nails_black_glossy,nails,[0.94],4792,19,,
28,condition1,small,bottle_glass_small,bottle,[0.95],3905,20,,
28,condition1,glass,bottle_glass_big,bottle,[0.69],29475,21,,
28,condition1,curly,hair_curly_blonde,hair,[1],3266,22,,
28,condition1,spotted,frog_spotted_green,frog,[0.96],5966,23,,
28,condition1,sad,woman_old_sad,woman,[0.05],29346,24,,
28,condition1,hat-wearing,man2_bearded_hatted,man,[0.89],4785,25,,
28,condition1,clean,spoon_metal_clean,spoon,[0.76],56185,26,,
28,condition1,triangular,earring_big_triangular,earring,[0.61],3341,27,,
28,condition1,metal,spoon_metal_clean,spoon,[0.51],3560,28,,
28,condition1,skinny,woman2_happy_skinny,woman,[0.97],6196,29,,
28,condition1,big,bottle_glass_big,bottle,[0.86],3526,30,,
28,condition1,rectangular,picture_bw_rectangular,picture,[1],4760,31,,
28,condition1,clean-shaven,man_old_cleanshaven,man,[1],2273,32,,
28,condition1,wet,shorts_wet_green,shorts,[0.91],4746,33,,
28,condition1,black and white,picture_bw_rectangular,picture,[0.51],23552,34,,
28,condition1,square,picture_bw_square,picture,[0.91],3617,35,,
28,condition1,bearded,man_old_bearded,man,[0.95],3846,36,,
28,condition1,dirty,spoon_metal_dirty,spoon,[0.39],3210,37,,
28,condition1,long,pencil_long_black,pencil,[0.66],2471,38,,
28,condition1,plastic,bottle_plastic_big,bottle,[0.92],65403,39,,
28,condition1,mustache-touting,man2_mustached_glassed,man,[0.89],25386,40,,
28,condition1,fat,woman2_happy_fat,woman,[0.95],3125,41,,
28,condition1,happy,woman_old_happy,woman,[0.63],5691,42,,
28,condition1,dry,shorts_dry_green,shorts,[0.59],2368,43,,
28,condition1,old,man_old_bearded,man,[0.85],6870,44,,
28,condition1,glossy,nails_black_glossy,nails,[0.96],2298,45,,
28,condition1,green,frog_spotted_green,frog,[0.58],27011,46,,
28,condition1,high,table_metal_high,table,[0.76],4511,47,,
28,condition1,colored,picture_colored_rectangular,picture,[0.66],100625,48,,
26,condition1,,,Margaret,Margaret,0,1,bot_check,
26,condition1,low,table_metal_low,table,[0.13],65398,3,,
26,condition1,rectangular,picture_bw_rectangular,picture,[0.01],5212,4,,
26,condition1,old,man_old_bearded,man,[0.53],9851,5,,
26,condition1,matte,nails_black_matte,nails,[0.11],5753,6,,
26,condition1,square,picture_bw_square,picture,[0],4037,7,,
26,condition1,big,bottle_glass_big,bottle,[0.66],8606,8,,
26,condition1,triangular,earring_big_triangular,earring,[0],4510,9,,
26,condition1,glass,bottle_glass_big,bottle,[0.01],4458,10,,
26,condition1,striped,frog_striped_green,frog,[0.08],5242,11,,
26,condition1,curly,hair_curly_blonde,hair,[0.57],6962,12,,
26,condition1,dirty,spoon_metal_dirty,spoon,[0.88],4838,13,,
26,condition1,plastic,bottle_plastic_big,bottle,[0.02],4276,14,,
26,condition1,glasses-wearing,man2_bearded_glassed,man,[0.03],10710,15,,
26,condition1,clean,spoon_metal_clean,spoon,[0.83],4409,16,,
26,condition1,wooden,spoon_wooden_clean,spoon,[0.02],3565,17,,
26,condition1,closed,box_closed_cardboard,box,[0.21],6061,18,,
26,condition1,sad,woman_old_sad,woman,[0.99],6730,19,,
26,condition1,red,frog_spotted_red,frog,[0.09],3516,20,,
26,condition1,colored,picture_colored_rectangular,picture,[0.37],7262,21,,
26,condition1,long,pencil_long_black,pencil,[0.45],8875,22,,
26,condition1,mustache-touting,man2_mustached_glassed,man,[0.5],7703,23,,
26,condition1,dry,shorts_dry_green,shorts,[0.14],4788,24,,
26,condition1,black and white,picture_bw_rectangular,picture,[0.23],7232,25,,
26,condition1,wet,shorts_wet_green,shorts,[0.24],6752,26,,
26,condition1,round,earring_big_round,earring,[0.02],4596,27,,
26,condition1,black,nails_black_glossy,nails,[0.26],7241,28,,
26,condition1,blue,pencil_long_blue,pencil,[0.23],7131,29,,
26,condition1,small,bottle_glass_small,bottle,[0.39],6169,30,,
26,condition1,blond,hair_curly_blonde,hair,[0.12],3937,31,,
26,condition1,fat,woman2_happy_fat,woman,[0.61],5619,32,,
26,condition1,high,table_metal_high,table,[0.55],6169,33,,
26,condition1,glossy,nails_black_glossy,nails,[0.7],4537,34,,
26,condition1,spotted,frog_spotted_green,frog,[0.23],3396,35,,
26,condition1,short,pencil_short_black,pencil,[0.29],5639,36,,
26,condition1,young,man_young_bearded,man,[0.58],5437,37,,
26,condition1,skinny,woman2_happy_skinny,woman,[0.73],3696,38,,
26,condition1,cardboard,box_closed_cardboard,box,[0.01],3645,39,,
26,condition1,brown,hair_curly_brown,hair,[0.12],3075,40,,
26,condition1,open,box_open_cardboard,box,[0.24],4876,41,,
26,condition1,metal,spoon_metal_clean,spoon,[0.01],3317,42,,
26,condition1,happy,woman_old_happy,woman,[0.98],5046,43,,
26,condition1,straight,hair_straight_blond,hair,[0.35],4326,44,,
26,condition1,green,frog_spotted_green,frog,[0.1],3665,45,,
26,condition1,bearded,man_old_bearded,man,[0.3],4368,46,,
26,condition1,hat-wearing,man2_bearded_hatted,man,[0.35],5388,47,,
26,condition1,clean-shaven,man_old_cleanshaven,man,[0.35],3575,48,,
41,condition1,,,Susan,Susan,0,1,bot_check,
41,condition1,sad,woman_old_sad,woman,[0.84],5992,3,,
41,condition1,dry,shorts_dry_green,shorts,[0.13],4860,4,,
41,condition1,cardboard,box_closed_cardboard,box,[0],3474,5,,
41,condition1,blue,pencil_long_blue,pencil,[0.39],3562,6,,
41,condition1,happy,woman_old_happy,woman,[0.91],2376,7,,
41,condition1,dirty,spoon_metal_dirty,spoon,[0.6],4454,8,,
41,condition1,glossy,nails_black_glossy,nails,[0.51],3493,9,,
41,condition1,green,frog_spotted_green,frog,[0.38],3090,10,,
41,condition1,clean,spoon_metal_clean,spoon,[0.64],2846,11,,
41,condition1,wooden,spoon_wooden_clean,spoon,[0],2327,12,,
41,condition1,hat-wearing,man2_bearded_hatted,man,[0.13],4107,13,,
41,condition1,small,bottle_glass_small,bottle,[0.38],3134,14,,
41,condition1,metal,spoon_metal_clean,spoon,[0.24],2762,15,,
41,condition1,open,box_open_cardboard,box,[0.4],2768,16,,
41,condition1,plastic,bottle_plastic_big,bottle,[0.21],2276,17,,
41,condition1,glass,bottle_glass_big,bottle,[0.23],2210,18,,
41,condition1,triangular,earring_big_triangular,earring,[0.01],3564,19,,
41,condition1,matte,nails_black_matte,nails,[0.34],3350,20,,
41,condition1,short,pencil_short_black,pencil,[0.61],2398,21,,
41,condition1,bearded,man_old_bearded,man,[0.39],3014,22,,
41,condition1,high,table_metal_high,table,[0.62],2878,23,,
41,condition1,rectangular,picture_bw_rectangular,picture,[0],2010,24,,
41,condition1,clean-shaven,man_old_cleanshaven,man,[0.57],4272,25,,
41,condition1,mustache-touting,man2_mustached_glassed,man,[0.32],3654,26,,
41,condition1,square,picture_bw_square,picture,[0.02],2159,27,,
41,condition1,brown,hair_curly_brown,hair,[0.37],2501,28,,
41,condition1,red,frog_spotted_red,frog,[0.36],1938,29,,
41,condition1,curly,hair_curly_blonde,hair,[0.58],2913,30,,
41,condition1,low,table_metal_low,table,[0.61],2239,31,,
41,condition1,straight,hair_straight_blond,hair,[0.44],3372,32,,
41,condition1,fat,woman2_happy_fat,woman,[0.78],2130,33,,
41,condition1,black and white,picture_bw_rectangular,picture,[0.41],2982,34,,
41,condition1,blond,hair_curly_blonde,hair,[0.69],2910,35,,
41,condition1,long,pencil_long_black,pencil,[0.63],2330,36,,
41,condition1,spotted,frog_spotted_green,frog,[0.38],2354,37,,
41,condition1,big,bottle_glass_big,bottle,[0.68],2218,38,,
41,condition1,striped,frog_striped_green,frog,[0.32],3200,39,,
41,condition1,old,man_old_bearded,man,[0.59],2177,40,,
41,condition1,black,nails_black_glossy,nails,[0.13],3144,41,,
41,condition1,young,man_young_bearded,man,[0.61],2106,42,,
41,condition1,colored,picture_colored_rectangular,picture,[0.09],4388,43,,
41,condition1,round,earring_big_round,earring,[0.09],2904,44,,
41,condition1,wet,shorts_wet_green,shorts,[0.28],2997,45,,
41,condition1,closed,box_closed_cardboard,box,[0.32],3277,46,,
41,condition1,skinny,woman2_happy_skinny,woman,[0.89],3067,47,,
41,condition1,glasses-wearing,man2_bearded_glassed,man,[0.1],2659,48,,
22,condition1,,,Margaret,Margaret,0,1,bot_check,
22,condition1,high,table_metal_high,table,[0.85],14896,3,,
22,condition1,long,pencil_long_black,pencil,[0.76],7178,4,,
22,condition1,rectangular,picture_bw_rectangular,picture,[0.73],9434,5,,
22,condition1,small,bottle_glass_small,bottle,[0.76],5496,6,,
22,condition1,square,picture_bw_square,picture,[0.07],6076,7,,
22,condition1,cardboard,box_closed_cardboard,box,[0.03],6432,8,,
22,condition1,black,nails_black_glossy,nails,[0.77],9056,9,,
22,condition1,dirty,spoon_metal_dirty,spoon,[0.11],7312,10,,
22,condition1,triangular,earring_big_triangular,earring,[0.14],3318,11,,
22,condition1,straight,hair_straight_blond,hair,[0.15],5652,12,,
22,condition1,old,man_old_bearded,man,[0.85],5228,13,,
22,condition1,happy,woman_old_happy,woman,[0.11],3838,14,,
22,condition1,big,bottle_glass_big,bottle,[0.24],4348,15,,
22,condition1,skinny,woman2_happy_skinny,woman,[0.28],4418,16,,
22,condition1,hat-wearing,man2_bearded_hatted,man,[0.78],4514,17,,
22,condition1,clean-shaven,man_old_cleanshaven,man,[0.96],4646,18,,
22,condition1,colored,picture_colored_rectangular,picture,[0.04],5158,19,,
22,condition1,low,table_metal_low,table,[0.9],4088,20,,
22,condition1,sad,woman_old_sad,woman,[0.8],4725,21,,
22,condition1,red,frog_spotted_red,frog,[0.04],4858,22,,
22,condition1,brown,hair_curly_brown,hair,[0.02],3334,23,,
22,condition1,striped,frog_striped_green,frog,[0.06],3844,24,,
22,condition1,glass,bottle_glass_big,bottle,[0.06],2978,25,,
22,condition1,spotted,frog_spotted_green,frog,[0.92],2832,26,,
22,condition1,blue,pencil_long_blue,pencil,[0.94],3050,27,,
22,condition1,fat,woman2_happy_fat,woman,[0.87],3538,28,,
22,condition1,open,box_open_cardboard,box,[0.09],2761,29,,
22,condition1,matte,nails_black_matte,nails,[0.09],2295,30,,
22,condition1,dry,shorts_dry_green,shorts,[0.12],2146,31,,
22,condition1,clean,spoon_metal_clean,spoon,[0.74],2358,32,,
22,condition1,plastic,bottle_plastic_big,bottle,[0.75],2540,33,,
22,condition1,wooden,spoon_wooden_clean,spoon,[0.85],2508,34,,
22,condition1,bearded,man_old_bearded,man,[0.84],2672,35,,
22,condition1,green,frog_spotted_green,frog,[0.15],3913,36,,
22,condition1,young,man_young_bearded,man,[0.17],2548,37,,
22,condition1,mustache-touting,man2_mustached_glassed,man,[0.16],3970,38,,
22,condition1,blond,hair_curly_blonde,hair,[0.14],3098,39,,
22,condition1,closed,box_closed_cardboard,box,[0.15],2712,40,,
22,condition1,glasses-wearing,man2_bearded_glassed,man,[0.92],3144,41,,
22,condition1,glossy,nails_black_glossy,nails,[0.88],2752,42,,
22,condition1,short,pencil_short_black,pencil,[0.11],3130,43,,
22,condition1,black and white,picture_bw_rectangular,picture,[0.86],4938,44,,
22,condition1,metal,spoon_metal_clean,spoon,[0.92],2556,45,,
22,condition1,wet,shorts_wet_green,shorts,[0.09],3176,46,,
22,condition1,round,earring_big_round,earring,[0.08],3326,47,,
22,condition1,curly,hair_curly_blonde,hair,[0.15],2154,48,,
29,condition1,,,Jennifer,Jennifer,0,1,bot_check,
29,condition1,sad,woman_old_sad,woman,[0.86],36889,3,,
29,condition1,green,frog_spotted_green,frog,[0.12],4792,4,,
29,condition1,triangular,earring_big_triangular,earring,[0.06],3350,5,,
29,condition1,cardboard,box_closed_cardboard,box,[0.05],2321,6,,
29,condition1,high,table_metal_high,table,[0.01],2839,7,,
29,condition1,red,frog_spotted_red,frog,[0.08],1720,8,,
29,condition1,glasses-wearing,man2_bearded_glassed,man,[0.06],3774,9,,
29,condition1,hat-wearing,man2_bearded_hatted,man,[0.66],2879,10,,
29,condition1,fat,woman2_happy_fat,woman,[0.35],4272,11,,
29,condition1,blue,pencil_long_blue,pencil,[0.25],2455,12,,
29,condition1,plastic,bottle_plastic_big,bottle,[0.29],2311,13,,
29,condition1,young,man_young_bearded,man,[0.74],2840,14,,
29,condition1,old,man_old_bearded,man,[0.83],2056,15,,
29,condition1,clean-shaven,man_old_cleanshaven,man,[0.87],3176,16,,
29,condition1,low,table_metal_low,table,[0.88],3960,17,,
29,condition1,dirty,spoon_metal_dirty,spoon,[0.22],10495,18,,
29,condition1,skinny,woman2_happy_skinny,woman,[0.56],2608,19,,
29,condition1,matte,nails_black_matte,nails,[0.2],3151,20,,
29,condition1,short,pencil_short_black,pencil,[0.1],2160,21,,
29,condition1,happy,woman_old_happy,woman,[0.95],2769,22,,
29,condition1,clean,spoon_metal_clean,spoon,[0.23],2031,23,,
29,condition1,small,bottle_glass_small,bottle,[0.13],1536,24,,
29,condition1,blond,hair_curly_blonde,hair,[0.09],2600,25,,
29,condition1,open,box_open_cardboard,box,[0.09],2016,26,,
29,condition1,glass,bottle_glass_big,bottle,[0.06],1944,27,,
29,condition1,bearded,man_old_bearded,man,[0.1],1752,28,,
29,condition1,wooden,spoon_wooden_clean,spoon,[0.86],2936,29,,
29,condition1,dry,shorts_dry_green,shorts,[0.28],2328,30,,
29,condition1,round,earring_big_round,earring,[0.18],1592,31,,
29,condition1,curly,hair_curly_blonde,hair,[0.12],1527,32,,
29,condition1,mustache-touting,man2_mustached_glassed,man,[0.16],1984,33,,
29,condition1,black and white,picture_bw_rectangular,picture,[0.15],1854,34,,
29,condition1,long,pencil_long_black,pencil,[0.13],2032,35,,
29,condition1,glossy,nails_black_glossy,nails,[0.15],2224,36,,
29,condition1,wet,shorts_wet_green,shorts,[0.17],1936,37,,
29,condition1,big,bottle_glass_big,bottle,[0.35],2928,38,,
29,condition1,rectangular,picture_bw_rectangular,picture,[0.2],1696,39,,
29,condition1,striped,frog_striped_green,frog,[0.39],2399,40,,
29,condition1,brown,hair_curly_brown,hair,[0.2],3215,41,,
29,condition1,colored,picture_colored_rectangular,picture,[0.21],2215,42,,
29,condition1,straight,hair_straight_blond,hair,[0.52],3743,43,,
29,condition1,metal,spoon_metal_clean,spoon,[0.22],2576,44,,
29,condition1,closed,box_closed_cardboard,box,[0.71],3479,45,,
29,condition1,spotted,frog_spotted_green,frog,[0.3],2144,46,,
29,condition1,square,picture_bw_square,picture,[0.15],2520,47,,
29,condition1,black,nails_black_glossy,nails,[0.21],1983,48,,
35,condition1,,,Jennifer,Jennifer,0,1,bot_check,
35,condition1,open,box_open_cardboard,box,[0.07],5977,3,,
35,condition1,colored,picture_colored_rectangular,picture,[0.42],5458,4,,
35,condition1,square,picture_bw_square,picture,[0.55],3767,5,,
35,condition1,skinny,woman2_happy_skinny,woman,[0.67],2870,6,,
35,condition1,cardboard,box_closed_cardboard,box,[0.08],2765,7,,
35,condition1,glass,bottle_glass_big,bottle,[0.04],2931,8,,
35,condition1,short,pencil_short_black,pencil,[0.58],3089,9,,
35,condition1,mustache-touting,man2_mustached_glassed,man,[0.06],2822,10,,
35,condition1,spotted,frog_spotted_green,frog,[0.05],4792,11,,
35,condition1,wooden,spoon_wooden_clean,spoon,[0.09],2993,12,,
35,condition1,clean,spoon_metal_clean,spoon,[0.59],2847,13,,
35,condition1,brown,hair_curly_brown,hair,[0.09],3359,14,,
35,condition1,blue,pencil_long_blue,pencil,[0.07],2849,15,,
35,condition1,rectangular,picture_bw_rectangular,picture,[0.1],1521,16,,
35,condition1,red,frog_spotted_red,frog,[0.1],1850,17,,
35,condition1,round,earring_big_round,earring,[0.1],2258,18,,
35,condition1,green,frog_spotted_green,frog,[0.07],1845,19,,
35,condition1,closed,box_closed_cardboard,box,[0.31],5451,20,,
35,condition1,dirty,spoon_metal_dirty,spoon,[0.59],3155,21,,
35,condition1,matte,nails_black_matte,nails,[0.27],2566,22,,
35,condition1,curly,hair_curly_blonde,hair,[0.23],1456,23,,
35,condition1,clean-shaven,man_old_cleanshaven,man,[0.13],4386,24,,
35,condition1,young,man_young_bearded,man,[0.61],2448,25,,
35,condition1,glasses-wearing,man2_bearded_glassed,man,[0.22],2127,26,,
35,condition1,low,table_metal_low,table,[0.63],2862,27,,
35,condition1,plastic,bottle_plastic_big,bottle,[0.2],1892,28,,
35,condition1,sad,woman_old_sad,woman,[0.55],2155,29,,
35,condition1,fat,woman2_happy_fat,woman,[0.57],3402,30,,
35,condition1,small,bottle_glass_small,bottle,[0.59],4863,31,,
35,condition1,black and white,picture_bw_rectangular,picture,[0.29],3272,32,,
35,condition1,big,bottle_glass_big,bottle,[0.59],3287,33,,
35,condition1,glossy,nails_black_glossy,nails,[0.2],3399,34,,
35,condition1,striped,frog_striped_green,frog,[0.04],3169,35,,
35,condition1,high,table_metal_high,table,[0.6],2581,36,,
35,condition1,triangular,earring_big_triangular,earring,[0.12],2316,37,,
35,condition1,dry,shorts_dry_green,shorts,[0.08],2194,38,,
35,condition1,blond,hair_curly_blonde,hair,[0.09],2404,39,,
35,condition1,hat-wearing,man2_bearded_hatted,man,[0.08],3103,40,,
35,condition1,wet,shorts_wet_green,shorts,[0.17],2472,41,,
35,condition1,long,pencil_long_black,pencil,[0.56],3807,42,,
35,condition1,black,nails_black_glossy,nails,[0.18],1790,43,,
35,condition1,bearded,man_old_bearded,man,[0.09],2154,44,,
35,condition1,straight,hair_straight_blond,hair,[0.56],4677,45,,
35,condition1,old,man_old_bearded,man,[0.58],2117,46,,
35,condition1,metal,spoon_metal_clean,spoon,[0.14],2820,47,,
35,condition1,happy,woman_old_happy,woman,[0.66],3239,48,,
1,condition1,,,Jessica,Jessica,0,1,bot_check,
1,condition1,straight,hair_straight_blond,hair,[0.47],75942,3,,
1,condition1,fat,woman2_happy_fat,woman,[0.16],7856,4,,
1,condition1,black and white,picture_bw_rectangular,picture,[0.78],16810,5,,
1,condition1,big,bottle_glass_big,bottle,[0.91],8958,6,,
1,condition1,green,frog_spotted_green,frog,[0.97],2734,7,,
1,condition1,triangular,earring_big_triangular,earring,[0.99],1750,8,,
1,condition1,happy,woman_old_happy,woman,[0.66],7402,9,,
1,condition1,plastic,bottle_plastic_big,bottle,[0.97],4975,10,,
1,condition1,clean,spoon_metal_clean,spoon,[0.97],1917,11,,
1,condition1,dry,shorts_dry_green,shorts,[1],3634,12,,
1,condition1,glasses-wearing,man2_bearded_glassed,man,[0.48],7643,13,,
1,condition1,rectangular,picture_bw_rectangular,picture,[0.96],3808,14,,
1,condition1,wet,shorts_wet_green,shorts,[0.98],3342,15,,
1,condition1,open,box_open_cardboard,box,[0.58],4767,16,,
1,condition1,glass,bottle_glass_big,bottle,[0.99],3884,17,,
1,condition1,long,pencil_long_black,pencil,[0.49],4543,18,,
1,condition1,striped,frog_striped_green,frog,[0.96],2527,19,,
1,condition1,old,man_old_bearded,man,[0.56],2289,20,,
1,condition1,high,table_metal_high,table,[0.52],5709,21,,
1,condition1,young,man_young_bearded,man,[0.43],6435,22,,
1,condition1,round,earring_big_round,earring,[0.48],3008,23,,
1,condition1,sad,woman_old_sad,woman,[0.53],3750,24,,
1,condition1,colored,picture_colored_rectangular,picture,[0.64],10644,25,,
1,condition1,wooden,spoon_wooden_clean,spoon,[1],2383,26,,
1,condition1,black,nails_black_glossy,nails,[0.79],5235,27,,
1,condition1,low,table_metal_low,table,[0.97],2332,28,,
1,condition1,small,bottle_glass_small,bottle,[0.64],2809,29,,
1,condition1,cardboard,box_closed_cardboard,box,[0.98],3433,30,,
1,condition1,mustache-touting,man2_mustached_glassed,man,[0.51],2906,31,,
1,condition1,hat-wearing,man2_bearded_hatted,man,[1],3467,32,,
1,condition1,metal,spoon_metal_clean,spoon,[0.99],1934,33,,
1,condition1,blue,pencil_long_blue,pencil,[0.97],1483,34,,
1,condition1,dirty,spoon_metal_dirty,spoon,[0.9],25012,35,,
1,condition1,brown,hair_curly_brown,hair,[0.99],5525,36,,
1,condition1,red,frog_spotted_red,frog,[1],2401,37,,
1,condition1,short,pencil_short_black,pencil,[0.48],3508,38,,
1,condition1,glossy,nails_black_glossy,nails,[0.21],41930,39,,
1,condition1,clean-shaven,man_old_cleanshaven,man,[0.21],4743,40,,
1,condition1,closed,box_closed_cardboard,box,[0.9],2641,41,,
1,condition1,curly,hair_curly_blonde,hair,[0.52],3827,42,,
1,condition1,square,picture_bw_square,picture,[0.7],3100,43,,
1,condition1,matte,nails_black_matte,nails,[0.54],1941,44,,
1,condition1,bearded,man_old_bearded,man,[0.82],3451,45,,
1,condition1,skinny,woman2_happy_skinny,woman,[0.45],10543,46,,
1,condition1,spotted,frog_spotted_green,frog,[0.53],4641,47,,
1,condition1,blond,hair_curly_blonde,hair,[0.78],4310,48,,
18,condition1,,,Mary,Mary,0,1,bot_check,
18,condition1,happy,woman_old_happy,woman,[0.32],11569,3,,
18,condition1,low,table_metal_low,table,[0.11],5999,4,,
18,condition1,cardboard,box_closed_cardboard,box,[0],5704,5,,
18,condition1,black,nails_black_glossy,nails,[0.54],7329,6,,
18,condition1,square,picture_bw_square,picture,[0.09],27766,7,,
18,condition1,skinny,woman2_happy_skinny,woman,[0.29],3607,8,,
18,condition1,straight,hair_straight_blond,hair,[0.28],5670,9,,
18,condition1,glass,bottle_glass_big,bottle,[0.01],3895,10,,
18,condition1,metal,spoon_metal_clean,spoon,[0.02],3904,11,,
18,condition1,spotted,frog_spotted_green,frog,[0.01],3552,12,,
18,condition1,mustache-touting,man2_mustached_glassed,man,[0.47],5038,13,,
18,condition1,clean,spoon_metal_clean,spoon,[0.28],3150,14,,
18,condition1,colored,picture_colored_rectangular,picture,[0.05],6897,15,,
18,condition1,wooden,spoon_wooden_clean,spoon,[0.02],2912,16,,
18,condition1,open,box_open_cardboard,box,[0.2],3015,17,,
18,condition1,plastic,bottle_plastic_big,bottle,[0.03],3080,18,,
18,condition1,triangular,earring_big_triangular,earring,[0.03],2752,19,,
18,condition1,glossy,nails_black_glossy,nails,[0.25],3344,20,,
18,condition1,brown,hair_curly_brown,hair,[0.24],3222,21,,
18,condition1,round,earring_big_round,earring,[0.13],2736,22,,
18,condition1,dry,shorts_dry_green,shorts,[0.17],3144,23,,
18,condition1,hat-wearing,man2_bearded_hatted,man,[0.01],3496,24,,
18,condition1,green,frog_spotted_green,frog,[0.01],3382,25,,
18,condition1,striped,frog_striped_green,frog,[0.01],4287,26,,
18,condition1,fat,woman2_happy_fat,woman,[0.29],3481,27,,
18,condition1,bearded,man_old_bearded,man,[0.02],3721,28,,
18,condition1,blue,pencil_long_blue,pencil,[0.01],3399,29,,
18,condition1,rectangular,picture_bw_rectangular,picture,[0.15],3414,30,,
18,condition1,old,man_old_bearded,man,[0.23],3015,31,,
18,condition1,small,bottle_glass_small,bottle,[0.28],2567,32,,
18,condition1,red,frog_spotted_red,frog,[0.08],2770,33,,
18,condition1,young,man_young_bearded,man,[0.23],2744,34,,
18,condition1,black and white,picture_bw_rectangular,picture,[0.31],3118,35,,
18,condition1,short,pencil_short_black,pencil,[0.19],2495,36,,
18,condition1,big,bottle_glass_big,bottle,[0.31],3192,37,,
18,condition1,high,table_metal_high,table,[0.29],2528,38,,
18,condition1,wet,shorts_wet_green,shorts,[0.08],2512,39,,
18,condition1,long,pencil_long_black,pencil,[0.2],3054,40,,
18,condition1,matte,nails_black_matte,nails,[0.21],3288,41,,
18,condition1,curly,hair_curly_blonde,hair,[0.18],3607,42,,
18,condition1,blond,hair_curly_blonde,hair,[0.11],2831,43,,
18,condition1,dirty,spoon_metal_dirty,spoon,[0.27],2703,44,,
18,condition1,clean-shaven,man_old_cleanshaven,man,[0.01],3168,45,,
18,condition1,glasses-wearing,man2_bearded_glassed,man,[0.01],3479,46,,
18,condition1,sad,woman_old_sad,woman,[0.28],3959,47,,
18,condition1,closed,box_closed_cardboard,box,[0.18],3112,48,,
15,condition1,,,Patricia,Patricia,0,1,bot_check,
15,condition1,blond,hair_curly_blonde,hair,[0.01],7223,3,,
15,condition1,curly,hair_curly_blonde,hair,[0],3043,4,,
15,condition1,young,man_young_bearded,man,[0.65],5299,5,,
15,condition1,straight,hair_straight_blond,hair,[0.72],4387,6,,
15,condition1,glasses-wearing,man2_bearded_glassed,man,[0],4256,7,,
15,condition1,glass,bottle_glass_big,bottle,[0.01],2589,8,,
15,condition1,sad,woman_old_sad,woman,[0.98],3064,9,,
15,condition1,dry,shorts_dry_green,shorts,[0.01],2629,10,,
15,condition1,square,picture_bw_square,picture,[0],2188,11,,
15,condition1,dirty,spoon_metal_dirty,spoon,[0.73],4090,12,,
15,condition1,wooden,spoon_wooden_clean,spoon,[0],2309,13,,
15,condition1,fat,woman2_happy_fat,woman,[0.65],4135,14,,
15,condition1,mustache-touting,man2_mustached_glassed,man,[0.62],3657,15,,
15,condition1,low,table_metal_low,table,[0.01],2691,16,,
15,condition1,open,box_open_cardboard,box,[0],2325,17,,
15,condition1,old,man_old_bearded,man,[0.61],3117,18,,
15,condition1,clean,spoon_metal_clean,spoon,[0.73],2082,19,,
15,condition1,short,pencil_short_black,pencil,[0.67],3044,20,,
15,condition1,red,frog_spotted_red,frog,[0.01],1981,21,,
15,condition1,brown,hair_curly_brown,hair,[0.02],2172,22,,
15,condition1,skinny,woman2_happy_skinny,woman,[0.67],2232,23,,
15,condition1,big,bottle_glass_big,bottle,[0.78],2018,24,,
15,condition1,striped,frog_striped_green,frog,[0.01],3006,25,,
15,condition1,blue,pencil_long_blue,pencil,[0],2695,26,,
15,condition1,metal,spoon_metal_clean,spoon,[0],3633,27,,
15,condition1,rectangular,picture_bw_rectangular,picture,[0.02],2411,28,,
15,condition1,matte,nails_black_matte,nails,[0.01],2204,29,,
15,condition1,small,bottle_glass_small,bottle,[0.69],1908,30,,
15,condition1,hat-wearing,man2_bearded_hatted,man,[0.01],2464,31,,
15,condition1,cardboard,box_closed_cardboard,box,[0.01],2472,32,,
15,condition1,green,frog_spotted_green,frog,[0.02],1924,33,,
15,condition1,round,earring_big_round,earring,[0.02],1956,34,,
15,condition1,colored,picture_colored_rectangular,picture,[0.01],2439,35,,
15,condition1,plastic,bottle_plastic_big,bottle,[0.01],1705,36,,
15,condition1,long,pencil_long_black,pencil,[0.34],2195,37,,
15,condition1,closed,box_closed_cardboard,box,[0.25],3291,38,,
15,condition1,spotted,frog_spotted_green,frog,[0.01],2430,39,,
15,condition1,high,table_metal_high,table,[0.33],4039,40,,
15,condition1,wet,shorts_wet_green,shorts,[0.03],2260,41,,
15,condition1,glossy,nails_black_glossy,nails,[0.02],2281,42,,
15,condition1,black and white,picture_bw_rectangular,picture,[0.02],1839,43,,
15,condition1,clean-shaven,man_old_cleanshaven,man,[0.01],3693,44,,
15,condition1,happy,woman_old_happy,woman,[0.98],2341,45,,
15,condition1,triangular,earring_big_triangular,earring,[0.01],1916,46,,
15,condition1,bearded,man_old_bearded,man,[0.02],3186,47,,
15,condition1,black,nails_black_glossy,nails,[0.01],1895,48,,
25,condition1,,,Sarah,Sarah,0,1,bot_check,
25,condition1,green,frog_spotted_green,frog,[0.01],12382,3,,
25,condition1,mustache-touting,man2_mustached_glassed,man,[0.26],6276,4,,
25,condition1,old,man_old_bearded,man,[0.8],1107,5,,
25,condition1,big,bottle_glass_big,bottle,[0.27],1061,6,,
25,condition1,clean,spoon_metal_clean,spoon,[0.63],1094,7,,
25,condition1,hat-wearing,man2_bearded_hatted,man,[0.52],1076,8,,
25,condition1,black,nails_black_glossy,nails,[0.78],1151,9,,
25,condition1,fat,woman2_happy_fat,woman,[0.99],6401,10,,
25,condition1,happy,woman_old_happy,woman,[0.94],2177,11,,
25,condition1,glasses-wearing,man2_bearded_glassed,man,[0.04],2007,12,,
25,condition1,round,earring_big_round,earring,[0.05],2310,13,,
25,condition1,wet,shorts_wet_green,shorts,[0.57],3048,14,,
25,condition1,square,picture_bw_square,picture,[0.03],1755,15,,
25,condition1,brown,hair_curly_brown,hair,[0.32],3184,16,,
25,condition1,short,pencil_short_black,pencil,[0.99],2778,17,,
25,condition1,cardboard,box_closed_cardboard,box,[0.04],2048,18,,
25,condition1,closed,box_closed_cardboard,box,[0.04],3594,19,,
25,condition1,striped,frog_striped_green,frog,[0.51],2286,20,,
25,condition1,black and white,picture_bw_rectangular,picture,[0.24],2370,21,,
25,condition1,red,frog_spotted_red,frog,[0.47],2242,22,,
25,condition1,rectangular,picture_bw_rectangular,picture,[0.29],1967,23,,
25,condition1,young,man_young_bearded,man,[0.99],2952,24,,
25,condition1,small,bottle_glass_small,bottle,[0.99],1699,25,,
25,condition1,dry,shorts_dry_green,shorts,[0.69],1762,26,,
25,condition1,colored,picture_colored_rectangular,picture,[0.77],1896,27,,
25,condition1,plastic,bottle_plastic_big,bottle,[0.01],2122,28,,
25,condition1,dirty,spoon_metal_dirty,spoon,[0.96],2117,29,,
25,condition1,high,table_metal_high,table,[0.98],1971,30,,
25,condition1,open,box_open_cardboard,box,[0.28],2556,31,,
25,condition1,bearded,man_old_bearded,man,[0.51],2545,32,,
25,condition1,low,table_metal_low,table,[0.98],1996,33,,
25,condition1,long,pencil_long_black,pencil,[0.96],1527,34,,
25,condition1,skinny,woman2_happy_skinny,woman,[0.96],1585,35,,
25,condition1,glossy,nails_black_glossy,nails,[0.85],1918,36,,
25,condition1,straight,hair_straight_blond,hair,[0.96],1717,37,,
25,condition1,blond,hair_curly_blonde,hair,[0.75],3377,38,,
25,condition1,blue,pencil_long_blue,pencil,[0.35],1945,39,,
25,condition1,curly,hair_curly_blonde,hair,[0.82],2279,40,,
25,condition1,wooden,spoon_wooden_clean,spoon,[0.26],1932,41,,
25,condition1,glass,bottle_glass_big,bottle,[0.06],2201,42,,
25,condition1,clean-shaven,man_old_cleanshaven,man,[0.69],2378,43,,
25,condition1,metal,spoon_metal_clean,spoon,[0.07],2296,44,,
25,condition1,spotted,frog_spotted_green,frog,[0.43],1845,45,,
25,condition1,sad,woman_old_sad,woman,[0.98],1705,46,,
25,condition1,triangular,earring_big_triangular,earring,[0.12],3037,47,,
25,condition1,matte,nails_black_matte,nails,[0.9],1665,48,,
30,condition1,,,Elizabeth,Elizabeth,0,1,bot_check,
30,condition1,skinny,woman2_happy_skinny,woman,[0.53],2308,3,,
30,condition1,wet,shorts_wet_green,shorts,[0.61],737,4,,
30,condition1,spotted,frog_spotted_green,frog,[0.57],953,5,,
30,condition1,red,frog_spotted_red,frog,[0.51],1757,6,,
30,condition1,plastic,bottle_plastic_big,bottle,[0.61],661,7,,
30,condition1,black and white,picture_bw_rectangular,picture,[0.46],656,8,,
30,condition1,black,nails_black_glossy,nails,[0.52],1523,9,,
30,condition1,rectangular,picture_bw_rectangular,picture,[0.46],666,10,,
30,condition1,open,box_open_cardboard,box,[0.61],705,11,,
30,condition1,old,man_old_bearded,man,[0.56],1040,12,,
30,condition1,round,earring_big_round,earring,[0.58],1729,13,,
30,condition1,small,bottle_glass_small,bottle,[0.68],1039,14,,
30,condition1,clean,spoon_metal_clean,spoon,[0.67],1496,15,,
30,condition1,triangular,earring_big_triangular,earring,[0.63],850,16,,
30,condition1,metal,spoon_metal_clean,spoon,[0.73],674,17,,
30,condition1,hat-wearing,man2_bearded_hatted,man,[0.54],624,18,,
30,condition1,colored,picture_colored_rectangular,picture,[0.69],681,19,,
30,condition1,matte,nails_black_matte,nails,[0.69],603,20,,
30,condition1,straight,hair_straight_blond,hair,[0.68],540,21,,
30,condition1,clean-shaven,man_old_cleanshaven,man,[0.53],1058,22,,
30,condition1,sad,woman_old_sad,woman,[0.56],1148,23,,
30,condition1,striped,frog_striped_green,frog,[0.66],753,24,,
30,condition1,brown,hair_curly_brown,hair,[0.6],1127,25,,
30,condition1,dry,shorts_dry_green,shorts,[0.65],1492,26,,
30,condition1,closed,box_closed_cardboard,box,[0.68],724,27,,
30,condition1,happy,woman_old_happy,woman,[0.68],1153,28,,
30,condition1,bearded,man_old_bearded,man,[0.68],681,29,,
30,condition1,curly,hair_curly_blonde,hair,[0.71],19161,30,,
30,condition1,dirty,spoon_metal_dirty,spoon,[0.59],987,31,,
30,condition1,blue,pencil_long_blue,pencil,[0.63],613,32,,
30,condition1,fat,woman2_happy_fat,woman,[0.63],591,33,,
30,condition1,wooden,spoon_wooden_clean,spoon,[0.48],1382,34,,
30,condition1,glasses-wearing,man2_bearded_glassed,man,[0.59],691,35,,
30,condition1,blond,hair_curly_blonde,hair,[0.57],566,36,,
30,condition1,short,pencil_short_black,pencil,[0.73],1183,37,,
30,condition1,young,man_young_bearded,man,[0.52],596,38,,
30,condition1,mustache-touting,man2_mustached_glassed,man,[0.55],1332,39,,
30,condition1,glass,bottle_glass_big,bottle,[0.58],651,40,,
30,condition1,long,pencil_long_black,pencil,[0.58],1761,41,,
30,condition1,big,bottle_glass_big,bottle,[0.59],851,42,,
30,condition1,cardboard,box_closed_cardboard,box,[0.6],852,43,,
30,condition1,high,table_metal_high,table,[0.64],690,44,,
30,condition1,glossy,nails_black_glossy,nails,[0.55],1126,45,,
30,condition1,square,picture_bw_square,picture,[0.66],1396,46,,
30,condition1,low,table_metal_low,table,[0.63],1288,47,,
30,condition1,green,frog_spotted_green,frog,[0.64],753,48,,
36,condition1,,,Jessica,Jessica,0,1,bot_check,
36,condition1,big,bottle_glass_big,bottle,[0.38],58486,3,,
36,condition1,spotted,frog_spotted_green,frog,[0.18],12770,4,,
36,condition1,metal,spoon_metal_clean,spoon,[0.4],6187,5,,
36,condition1,glass,bottle_glass_big,bottle,[0.58],2015,6,,
36,condition1,curly,hair_curly_blonde,hair,[0.42],5068,7,,
36,condition1,matte,nails_black_matte,nails,[0.7],1841,8,,
36,condition1,low,table_metal_low,table,[0.89],1959,9,,
36,condition1,skinny,woman2_happy_skinny,woman,[0.78],3125,10,,
36,condition1,blue,pencil_long_blue,pencil,[0.61],2030,11,,
36,condition1,black and white,picture_bw_rectangular,picture,[0.92],3043,12,,
36,condition1,happy,woman_old_happy,woman,[0.98],2372,13,,
36,condition1,red,frog_spotted_red,frog,[0.63],1932,14,,
36,condition1,dry,shorts_dry_green,shorts,[0.68],2252,15,,
36,condition1,short,pencil_short_black,pencil,[0.83],2005,16,,
36,condition1,open,box_open_cardboard,box,[0.68],4106,17,,
36,condition1,colored,picture_colored_rectangular,picture,[0.98],2178,18,,
36,condition1,black,nails_black_glossy,nails,[0.85],3296,19,,
36,condition1,green,frog_spotted_green,frog,[0.68],2542,20,,
36,condition1,dirty,spoon_metal_dirty,spoon,[0.94],2854,21,,
36,condition1,glossy,nails_black_glossy,nails,[0.76],2913,22,,
36,condition1,long,pencil_long_black,pencil,[0.82],1950,23,,
36,condition1,plastic,bottle_plastic_big,bottle,[0.33],2465,24,,
36,condition1,clean,spoon_metal_clean,spoon,[0.74],2088,25,,
36,condition1,closed,box_closed_cardboard,box,[0.64],40228,26,,
36,condition1,wooden,spoon_wooden_clean,spoon,[0.37],2505,27,,
36,condition1,round,earring_big_round,earring,[0.53],2322,28,,
36,condition1,glasses-wearing,man2_bearded_glassed,man,[0.08],5513,29,,
36,condition1,hat-wearing,man2_bearded_hatted,man,[0.11],1768,30,,
36,condition1,rectangular,picture_bw_rectangular,picture,[0.2],2863,31,,
36,condition1,striped,frog_striped_green,frog,[0.13],2383,32,,
36,condition1,triangular,earring_big_triangular,earring,[0.14],2234,33,,
36,condition1,clean-shaven,man_old_cleanshaven,man,[0.21],4311,34,,
36,condition1,square,picture_bw_square,picture,[0.22],1632,35,,
36,condition1,bearded,man_old_bearded,man,[0.48],3928,36,,
36,condition1,mustache-touting,man2_mustached_glassed,man,[0.26],2034,37,,
36,condition1,wet,shorts_wet_green,shorts,[0.63],2496,38,,
36,condition1,old,man_old_bearded,man,[0.9],3352,39,,
36,condition1,blond,hair_curly_blonde,hair,[0.54],1811,40,,
36,condition1,young,man_young_bearded,man,[0.98],2237,41,,
36,condition1,brown,hair_curly_brown,hair,[0.83],1615,42,,
36,condition1,fat,woman2_happy_fat,woman,[0.83],2137,43,,
36,condition1,high,table_metal_high,table,[0.92],2140,44,,
36,condition1,small,bottle_glass_small,bottle,[0.86],1689,45,,
36,condition1,straight,hair_straight_blond,hair,[0.6],2027,46,,
36,condition1,sad,woman_old_sad,woman,[1],1997,47,,
36,condition1,cardboard,box_closed_cardboard,box,[0.2],1769,48,,
7,condition1,,,Elizabeth,Elizabeth,0,1,bot_check,
7,condition1,high,table_metal_high,table,[0.7],6675,3,,
7,condition1,clean,spoon_metal_clean,spoon,[0.21],4116,4,,
7,condition1,long,pencil_long_black,pencil,[0.81],2932,5,,
7,condition1,skinny,woman2_happy_skinny,woman,[0.72],3051,6,,
7,condition1,old,man_old_bearded,man,[0.52],5632,7,,
7,condition1,happy,woman_old_happy,woman,[0.76],4950,8,,
7,condition1,brown,hair_curly_brown,hair,[0.13],5513,9,,
7,condition1,rectangular,picture_bw_rectangular,picture,[0.01],2968,10,,
7,condition1,plastic,bottle_plastic_big,bottle,[0.04],3066,11,,
7,condition1,dirty,spoon_metal_dirty,spoon,[0.75],3049,12,,
7,condition1,glossy,nails_black_glossy,nails,[0.67],2732,13,,
7,condition1,short,pencil_short_black,pencil,[0.74],10185,14,,
7,condition1,big,bottle_glass_big,bottle,[0.74],2233,15,,
7,condition1,red,frog_spotted_red,frog,[0.11],3747,16,,
7,condition1,colored,picture_colored_rectangular,picture,[0.25],4250,17,,
7,condition1,glasses-wearing,man2_bearded_glassed,man,[0.03],3802,18,,
7,condition1,fat,woman2_happy_fat,woman,[0.72],2680,19,,
7,condition1,blue,pencil_long_blue,pencil,[0.14],3168,20,,
7,condition1,black and white,picture_bw_rectangular,picture,[0.15],2880,21,,
7,condition1,sad,woman_old_sad,woman,[0.79],2400,22,,
7,condition1,clean-shaven,man_old_cleanshaven,man,[0.12],3248,23,,
7,condition1,low,table_metal_low,table,[0.7],2436,24,,
7,condition1,striped,frog_striped_green,frog,[0.22],2663,25,,
7,condition1,dry,shorts_dry_green,shorts,[0.4],3681,26,,
7,condition1,glass,bottle_glass_big,bottle,[0.19],2353,27,,
7,condition1,matte,nails_black_matte,nails,[0.61],2746,28,,
7,condition1,mustache-touting,man2_mustached_glassed,man,[0.19],3219,29,,
7,condition1,square,picture_bw_square,picture,[0.04],3799,30,,
7,condition1,hat-wearing,man2_bearded_hatted,man,[0.09],2417,31,,
7,condition1,blond,hair_curly_blonde,hair,[0.58],3250,32,,
7,condition1,closed,box_closed_cardboard,box,[0.16],5082,33,,
7,condition1,round,earring_big_round,earring,[0.2],2299,34,,
7,condition1,bearded,man_old_bearded,man,[0.19],3632,35,,
7,condition1,metal,spoon_metal_clean,spoon,[0.14],2318,36,,
7,condition1,open,box_open_cardboard,box,[0.27],3966,37,,
7,condition1,triangular,earring_big_triangular,earring,[0.04],4031,38,,
7,condition1,spotted,frog_spotted_green,frog,[0.3],2533,39,,
7,condition1,curly,hair_curly_blonde,hair,[0.51],2665,40,,
7,condition1,straight,hair_straight_blond,hair,[0.31],2818,41,,
7,condition1,green,frog_spotted_green,frog,[0.11],3748,42,,
7,condition1,young,man_young_bearded,man,[0.7],2667,43,,
7,condition1,wooden,spoon_wooden_clean,spoon,[0.26],2500,44,,
7,condition1,black,nails_black_glossy,nails,[0.07],3603,45,,
7,condition1,cardboard,box_closed_cardboard,box,[0.31],3927,46,,
7,condition1,small,bottle_glass_small,bottle,[0.76],2619,47,,
7,condition1,wet,shorts_wet_green,shorts,[0.24],2832,48,,
34,condition1,,,Margaret,Margaret,0,1,bot_check,
34,condition1,glossy,nails_black_glossy,nails,[0.36],7498,3,,
34,condition1,round,earring_big_round,earring,[0.06],2930,4,,
34,condition1,black and white,picture_bw_rectangular,picture,[0.07],2494,5,,
34,condition1,green,frog_spotted_green,frog,[0.03],2572,6,,
34,condition1,hat-wearing,man2_bearded_hatted,man,[0.19],4407,7,,
34,condition1,dirty,spoon_metal_dirty,spoon,[0.62],2785,8,,
34,condition1,big,bottle_glass_big,bottle,[0.61],3290,9,,
34,condition1,short,pencil_short_black,pencil,[0.78],3806,10,,
34,condition1,blond,hair_curly_blonde,hair,[0.1],3576,11,,
34,condition1,wet,shorts_wet_green,shorts,[0.35],3031,12,,
34,condition1,spotted,frog_spotted_green,frog,[0.12],2333,13,,
34,condition1,plastic,bottle_plastic_big,bottle,[0.21],2549,14,,
34,condition1,straight,hair_straight_blond,hair,[0.19],2133,15,,
34,condition1,mustache-touting,man2_mustached_glassed,man,[0.17],2328,16,,
34,condition1,small,bottle_glass_small,bottle,[0.62],2462,17,,
34,condition1,low,table_metal_low,table,[0.65],2659,18,,
34,condition1,blue,pencil_long_blue,pencil,[0.21],2334,19,,
34,condition1,glasses-wearing,man2_bearded_glassed,man,[0.26],1933,20,,
34,condition1,colored,picture_colored_rectangular,picture,[0.67],3210,21,,
34,condition1,closed,box_closed_cardboard,box,[0.24],6392,22,,
34,condition1,skinny,woman2_happy_skinny,woman,[0.84],3190,23,,
34,condition1,matte,nails_black_matte,nails,[0.25],3556,24,,
34,condition1,triangular,earring_big_triangular,earring,[0.06],2582,25,,
34,condition1,high,table_metal_high,table,[0.75],2626,26,,
34,condition1,cardboard,box_closed_cardboard,box,[0.04],4435,27,,
34,condition1,old,man_old_bearded,man,[0.71],2365,28,,
34,condition1,striped,frog_striped_green,frog,[0.16],2283,29,,
34,condition1,sad,woman_old_sad,woman,[0.29],3655,30,,
34,condition1,brown,hair_curly_brown,hair,[0.23],3308,31,,
34,condition1,clean-shaven,man_old_cleanshaven,man,[0.27],2877,32,,
34,condition1,wooden,spoon_wooden_clean,spoon,[0.17],2015,33,,
34,condition1,fat,woman2_happy_fat,woman,[0.68],2542,34,,
34,condition1,happy,woman_old_happy,woman,[0.73],2902,35,,
34,condition1,glass,bottle_glass_big,bottle,[0.19],1998,36,,
34,condition1,clean,spoon_metal_clean,spoon,[0.76],3118,37,,
34,condition1,metal,spoon_metal_clean,spoon,[0.22],1757,38,,
34,condition1,dry,shorts_dry_green,shorts,[0.2],2860,39,,
34,condition1,curly,hair_curly_blonde,hair,[0.66],2883,40,,
34,condition1,square,picture_bw_square,picture,[0.15],1855,41,,
34,condition1,red,frog_spotted_red,frog,[0.03],2712,42,,
34,condition1,rectangular,picture_bw_rectangular,picture,[0.05],2624,43,,
34,condition1,young,man_young_bearded,man,[0.84],2098,44,,
34,condition1,black,nails_black_glossy,nails,[0.01],2626,45,,
34,condition1,open,box_open_cardboard,box,[0.04],1658,46,,
34,condition1,bearded,man_old_bearded,man,[0.12],2622,47,,
34,condition1,long,pencil_long_black,pencil,[0.69],2393,48,,
6,condition1,,,Barbara,Barbara,0,1,bot_check,
6,condition1,glass,bottle_glass_big,bottle,[0.01],9928,3,,
6,condition1,round,earring_big_round,earring,[0.97],3044,4,,
6,condition1,sad,woman_old_sad,woman,[0.98],2113,5,,
6,condition1,glasses-wearing,man2_bearded_glassed,man,[0.74],5428,6,,
6,condition1,striped,frog_striped_green,frog,[0.94],3592,7,,
6,condition1,low,table_metal_low,table,[0.8],2599,8,,
6,condition1,clean,spoon_metal_clean,spoon,[0.91],7550,9,,
6,condition1,dry,shorts_dry_green,shorts,[0.97],2485,10,,
6,condition1,clean-shaven,man_old_cleanshaven,man,[0.43],3852,11,,
6,condition1,straight,hair_straight_blond,hair,[0.98],3592,12,,
6,condition1,spotted,frog_spotted_green,frog,[0.94],3266,13,,
6,condition1,hat-wearing,man2_bearded_hatted,man,[0.05],4574,14,,
6,condition1,red,frog_spotted_red,frog,[0.96],2410,15,,
6,condition1,bearded,man_old_bearded,man,[0.84],3293,16,,
6,condition1,triangular,earring_big_triangular,earring,[0.27],4224,17,,
6,condition1,skinny,woman2_happy_skinny,woman,[0.56],2520,18,,
6,condition1,black,nails_black_glossy,nails,[0.82],3269,19,,
6,condition1,high,table_metal_high,table,[0.92],3131,20,,
6,condition1,blue,pencil_long_blue,pencil,[0.92],2248,21,,
6,condition1,metal,spoon_metal_clean,spoon,[0.13],3418,22,,
6,condition1,wooden,spoon_wooden_clean,spoon,[0.46],2632,23,,
6,condition1,cardboard,box_closed_cardboard,box,[0.29],3116,24,,
6,condition1,old,man_old_bearded,man,[0.59],3366,25,,
6,condition1,happy,woman_old_happy,woman,[0.99],4932,26,,
6,condition1,open,box_open_cardboard,box,[0.79],3198,27,,
6,condition1,green,frog_spotted_green,frog,[0.39],3256,28,,
6,condition1,curly,hair_curly_blonde,hair,[0.78],2508,29,,
6,condition1,square,picture_bw_square,picture,[0.16],2100,30,,
6,condition1,matte,nails_black_matte,nails,[0.34],3826,31,,
6,condition1,dirty,spoon_metal_dirty,spoon,[0.65],2194,32,,
6,condition1,small,bottle_glass_small,bottle,[0.85],2856,33,,
6,condition1,rectangular,picture_bw_rectangular,picture,[0.05],2186,34,,
6,condition1,fat,woman2_happy_fat,woman,[0.34],2376,35,,
6,condition1,long,pencil_long_black,pencil,[0.85],2444,36,,
6,condition1,brown,hair_curly_brown,hair,[0.58],2472,37,,
6,condition1,plastic,bottle_plastic_big,bottle,[0.12],5128,38,,
6,condition1,wet,shorts_wet_green,shorts,[0.16],4863,39,,
6,condition1,big,bottle_glass_big,bottle,[0.75],2494,40,,
6,condition1,colored,picture_colored_rectangular,picture,[0.94],2382,41,,
6,condition1,closed,box_closed_cardboard,box,[0.84],2348,42,,
6,condition1,mustache-touting,man2_mustached_glassed,man,[0.11],3053,43,,
6,condition1,blond,hair_curly_blonde,hair,[0.87],3256,44,,
6,condition1,glossy,nails_black_glossy,nails,[0.16],3884,45,,
6,condition1,young,man_young_bearded,man,[0.86],2289,46,,
6,condition1,short,pencil_short_black,pencil,[0.91],2066,47,,
6,condition1,black and white,picture_bw_rectangular,picture,[0.85],2689,48,,
40,condition1,,,Patricia,Patricia,0,1,bot_check,
40,condition1,colored,picture_colored_rectangular,picture,[0.62],12287,3,,
40,condition1,black,nails_black_glossy,nails,[0.99],4730,4,,
40,condition1,black and white,picture_bw_rectangular,picture,[0.98],4944,5,,
40,condition1,plastic,bottle_plastic_big,bottle,[0.65],3936,6,,
40,condition1,closed,box_closed_cardboard,box,[0.93],4791,7,,
40,condition1,green,frog_spotted_green,frog,[0.99],4343,8,,
40,condition1,dirty,spoon_metal_dirty,spoon,[0.06],8936,9,,
40,condition1,round,earring_big_round,earring,[0.72],4900,10,,
40,condition1,dry,shorts_dry_green,shorts,[0.3],4953,11,,
40,condition1,glasses-wearing,man2_bearded_glassed,man,[0],6419,12,,
40,condition1,skinny,woman2_happy_skinny,woman,[0.41],5638,13,,
40,condition1,glossy,nails_black_glossy,nails,[0.72],3570,14,,
40,condition1,open,box_open_cardboard,box,[0],5979,15,,
40,condition1,old,man_old_bearded,man,[0.98],6436,16,,
40,condition1,striped,frog_striped_green,frog,[0.88],5520,17,,
40,condition1,matte,nails_black_matte,nails,[1],4576,18,,
40,condition1,glass,bottle_glass_big,bottle,[1],4420,19,,
40,condition1,high,table_metal_high,table,[0.15],6976,20,,
40,condition1,curly,hair_curly_blonde,hair,[0.45],4004,21,,
40,condition1,rectangular,picture_bw_rectangular,picture,[1],3327,22,,
40,condition1,clean,spoon_metal_clean,spoon,[0.26],4480,23,,
40,condition1,fat,woman2_happy_fat,woman,[0.5],8142,24,,
40,condition1,small,bottle_glass_small,bottle,[0.28],6488,25,,
40,condition1,red,frog_spotted_red,frog,[0.85],4829,26,,
40,condition1,blond,hair_curly_blonde,hair,[1],3703,27,,
40,condition1,blue,pencil_long_blue,pencil,[0.72],4359,28,,
40,condition1,big,bottle_glass_big,bottle,[0],5105,29,,
40,condition1,bearded,man_old_bearded,man,[0.94],10371,30,,
40,condition1,wooden,spoon_wooden_clean,spoon,[1],3601,31,,
40,condition1,young,man_young_bearded,man,[0.36],5351,32,,
40,condition1,hat-wearing,man2_bearded_hatted,man,[1],4928,33,,
40,condition1,low,table_metal_low,table,[0.15],6313,34,,
40,condition1,metal,spoon_metal_clean,spoon,[1],3583,35,,
40,condition1,short,pencil_short_black,pencil,[0.1],7439,36,,
40,condition1,mustache-touting,man2_mustached_glassed,man,[1],5177,37,,
40,condition1,sad,woman_old_sad,woman,[0.17],5537,38,,
40,condition1,square,picture_bw_square,picture,[0.88],6069,39,,
40,condition1,clean-shaven,man_old_cleanshaven,man,[1],3376,40,,
40,condition1,straight,hair_straight_blond,hair,[0.58],4163,41,,
40,condition1,brown,hair_curly_brown,hair,[1],3784,42,,
40,condition1,wet,shorts_wet_green,shorts,[1],4416,43,,
40,condition1,long,pencil_long_black,pencil,[0.05],5484,44,,
40,condition1,triangular,earring_big_triangular,earring,[1],3831,45,,
40,condition1,cardboard,box_closed_cardboard,box,[0.96],6831,46,,
40,condition1,happy,woman_old_happy,woman,[0],3761,47,,
40,condition1,spotted,frog_spotted_green,frog,[0.79],4919,48,,
46,condition1,,,Patricia,Patricia,0,1,bot_check,
46,condition1,glossy,nails_black_glossy,nails,[0.2],21783,3,,
46,condition1,wet,shorts_wet_green,shorts,[0.61],2078,4,,
46,condition1,hat-wearing,man2_bearded_hatted,man,[0.27],3234,5,,
46,condition1,low,table_metal_low,table,[0.36],2099,6,,
46,condition1,cardboard,box_closed_cardboard,box,[0.22],1675,7,,
46,condition1,clean-shaven,man_old_cleanshaven,man,[0.65],2272,8,,
46,condition1,young,man_young_bearded,man,[0.72],1830,9,,
46,condition1,skinny,woman2_happy_skinny,woman,[0.84],1837,10,,
46,condition1,open,box_open_cardboard,box,[0.83],2414,11,,
46,condition1,wooden,spoon_wooden_clean,spoon,[0.59],22684,12,,
46,condition1,high,table_metal_high,table,[1],8436,13,,
46,condition1,spotted,frog_spotted_green,frog,[0.59],7712,14,,
46,condition1,green,frog_spotted_green,frog,[0],2574,15,,
46,condition1,blue,pencil_long_blue,pencil,[0],1388,16,,
46,condition1,glasses-wearing,man2_bearded_glassed,man,[0.3],2603,17,,
46,condition1,closed,box_closed_cardboard,box,[0.33],2114,18,,
46,condition1,clean,spoon_metal_clean,spoon,[0],3725,19,,
46,condition1,dry,shorts_dry_green,shorts,[0.1],3334,20,,
46,condition1,black and white,picture_bw_rectangular,picture,[0.13],1975,21,,
46,condition1,bearded,man_old_bearded,man,[0.01],3788,22,,
46,condition1,small,bottle_glass_small,bottle,[0.39],3758,23,,
46,condition1,dirty,spoon_metal_dirty,spoon,[0.31],2531,24,,
46,condition1,rectangular,picture_bw_rectangular,picture,[0.33],4100,25,,
46,condition1,brown,hair_curly_brown,hair,[0.5],1850,26,,
46,condition1,straight,hair_straight_blond,hair,[0],7093,27,,
46,condition1,triangular,earring_big_triangular,earring,[0],21301,28,,
46,condition1,short,pencil_short_black,pencil,[0.57],3044,29,,
46,condition1,colored,picture_colored_rectangular,picture,[0],2517,30,,
46,condition1,big,bottle_glass_big,bottle,[0.77],5430,31,,
46,condition1,black,nails_black_glossy,nails,[0],3273,32,,
46,condition1,striped,frog_striped_green,frog,[0],3623,33,,
46,condition1,mustache-touting,man2_mustached_glassed,man,[0.6],9330,34,,
46,condition1,old,man_old_bearded,man,[0.63],3062,35,,
46,condition1,red,frog_spotted_red,frog,[0],1455,36,,
46,condition1,curly,hair_curly_blonde,hair,[0],1685,37,,
46,condition1,metal,spoon_metal_clean,spoon,[0],2486,38,,
46,condition1,long,pencil_long_black,pencil,[0.84],2049,39,,
46,condition1,glass,bottle_glass_big,bottle,[0],1971,40,,
46,condition1,square,picture_bw_square,picture,[0.66],3101,41,,
46,condition1,matte,nails_black_matte,nails,[0],3398,42,,
46,condition1,blond,hair_curly_blonde,hair,[0],1374,43,,
46,condition1,fat,woman2_happy_fat,woman,[0],1715,44,,
46,condition1,happy,woman_old_happy,woman,[0.72],2582,45,,
46,condition1,round,earring_big_round,earring,[0],3053,46,,
46,condition1,sad,woman_old_sad,woman,[0],1639,47,,
46,condition1,plastic,bottle_plastic_big,bottle,[0],2278,48,,
8,condition1,,,Linda,Linda,0,1,bot_check,
8,condition1,happy,woman_old_happy,woman,[0.59],7133,3,,
8,condition1,brown,hair_curly_brown,hair,[0.02],3792,4,,
8,condition1,hat-wearing,man2_bearded_hatted,man,[0.65],5359,5,,
8,condition1,big,bottle_glass_big,bottle,[0.91],3247,6,,
8,condition1,curly,hair_curly_blonde,hair,[0.59],3376,7,,
8,condition1,matte,nails_black_matte,nails,[0.18],9088,8,,
8,condition1,cardboard,box_closed_cardboard,box,[0.12],5712,9,,
8,condition1,triangular,earring_big_triangular,earring,[0.16],2847,10,,
8,condition1,metal,spoon_metal_clean,spoon,[0.18],2632,11,,
8,condition1,rectangular,picture_bw_rectangular,picture,[0.16],3768,12,,
8,condition1,blue,pencil_long_blue,pencil,[0.47],4880,13,,
8,condition1,high,table_metal_high,table,[0.74],3496,14,,
8,condition1,low,table_metal_low,table,[0.78],2352,15,,
8,condition1,fat,woman2_happy_fat,woman,[0.91],4375,16,,
8,condition1,skinny,woman2_happy_skinny,woman,[0.87],2032,17,,
8,condition1,sad,woman_old_sad,woman,[0.65],2735,18,,
8,condition1,colored,picture_colored_rectangular,picture,[0.82],2736,19,,
8,condition1,dirty,spoon_metal_dirty,spoon,[0.94],3200,20,,
8,condition1,round,earring_big_round,earring,[0.25],2952,21,,
8,condition1,long,pencil_long_black,pencil,[0.49],2256,22,,
8,condition1,old,man_old_bearded,man,[0.7],6304,23,,
8,condition1,glass,bottle_glass_big,bottle,[0.26],2711,24,,
8,condition1,clean,spoon_metal_clean,spoon,[0.76],5471,25,,
8,condition1,dry,shorts_dry_green,shorts,[0.38],3448,26,,
8,condition1,small,bottle_glass_small,bottle,[0.75],2968,27,,
8,condition1,blond,hair_curly_blonde,hair,[0.66],3912,28,,
8,condition1,straight,hair_straight_blond,hair,[0.32],5336,29,,
8,condition1,short,pencil_short_black,pencil,[0.69],3168,30,,
8,condition1,glasses-wearing,man2_bearded_glassed,man,[0.06],2943,31,,
8,condition1,square,picture_bw_square,picture,[0.29],2648,32,,
8,condition1,black,nails_black_glossy,nails,[0.21],3536,33,,
8,condition1,open,box_open_cardboard,box,[0.07],3568,34,,
8,condition1,spotted,frog_spotted_green,frog,[0.12],2832,35,,
8,condition1,young,man_young_bearded,man,[0.7],2840,36,,
8,condition1,glossy,nails_black_glossy,nails,[0.5],2824,37,,
8,condition1,mustache-touting,man2_mustached_glassed,man,[0.08],4144,38,,
8,condition1,bearded,man_old_bearded,man,[0.1],2759,39,,
8,condition1,red,frog_spotted_red,frog,[0.64],2711,40,,
8,condition1,plastic,bottle_plastic_big,bottle,[0.28],2736,41,,
8,condition1,wooden,spoon_wooden_clean,spoon,[0.18],2216,42,,
8,condition1,green,frog_spotted_green,frog,[0.69],2320,43,,
8,condition1,clean-shaven,man_old_cleanshaven,man,[0.14],2360,44,,
8,condition1,closed,box_closed_cardboard,box,[0.2],2680,45,,
8,condition1,wet,shorts_wet_green,shorts,[0.3],3400,46,,
8,condition1,black and white,picture_bw_rectangular,picture,[0.49],6328,47,,
8,condition1,striped,frog_striped_green,frog,[0.63],3031,48,,
105,condition1,,,Jennifer,Jennifer,0,1,bot_check,
105,condition1,clean-shaven,man_old_cleanshaven,man,[0.55],18389,3,,
105,condition1,hat-wearing,man2_bearded_hatted,man,[0.01],99914,4,,
105,condition1,low,table_metal_low,table,[0.01],26879,5,,
105,condition1,mustache-touting,man2_mustached_glassed,man,[0.01],11273,6,,
105,condition1,fat,woman2_happy_fat,woman,[0.5],17415,7,,
105,condition1,blue,pencil_long_blue,pencil,[0],4495,8,,
105,condition1,closed,box_closed_cardboard,box,[0],3864,9,,
105,condition1,black and white,picture_bw_rectangular,picture,[0.02],6540,10,,
105,condition1,old,man_old_bearded,man,[0.49],7668,11,,
105,condition1,green,frog_spotted_green,frog,[0],2969,12,,
105,condition1,rectangular,picture_bw_rectangular,picture,[0],2464,13,,
105,condition1,bearded,man_old_bearded,man,[0.01],4098,14,,
105,condition1,matte,nails_black_matte,nails,[0.02],4617,15,,
105,condition1,cardboard,box_closed_cardboard,box,[0.01],3381,16,,
105,condition1,dry,shorts_dry_green,shorts,[0.99],21532,17,,
105,condition1,red,frog_spotted_red,frog,[0.02],3777,18,,
105,condition1,high,table_metal_high,table,[0.52],6309,19,,
105,condition1,wooden,spoon_wooden_clean,spoon,[0.01],2970,20,,
105,condition1,metal,spoon_metal_clean,spoon,[0],3241,21,,
105,condition1,plastic,bottle_plastic_big,bottle,[0.02],2375,22,,
105,condition1,blond,hair_curly_blonde,hair,[0.5],4632,23,,
105,condition1,wet,shorts_wet_green,shorts,[1],7158,24,,
105,condition1,black,nails_black_glossy,nails,[0.01],2770,25,,
105,condition1,round,earring_big_round,earring,[0],2646,26,,
105,condition1,open,box_open_cardboard,box,[1],8477,27,,
105,condition1,glasses-wearing,man2_bearded_glassed,man,[0.01],3462,28,,
105,condition1,young,man_young_bearded,man,[0.99],12485,29,,
105,condition1,happy,woman_old_happy,woman,[0.99],3559,30,,
105,condition1,clean,spoon_metal_clean,spoon,[1],2507,31,,
105,condition1,triangular,earring_big_triangular,earring,[0.01],3505,32,,
105,condition1,skinny,woman2_happy_skinny,woman,[1],2638,33,,
105,condition1,brown,hair_curly_brown,hair,[0.01],3246,34,,
105,condition1,small,bottle_glass_small,bottle,[0.99],5872,35,,
105,condition1,sad,woman_old_sad,woman,[1],2746,36,,
105,condition1,glossy,nails_black_glossy,nails,[0.01],4879,37,,
105,condition1,spotted,frog_spotted_green,frog,[1],12583,38,,
105,condition1,glass,bottle_glass_big,bottle,[0.01],2817,39,,
105,condition1,colored,picture_colored_rectangular,picture,[0.01],2395,40,,
105,condition1,short,pencil_short_black,pencil,[0.99],5449,41,,
105,condition1,big,bottle_glass_big,bottle,[1],2452,42,,
105,condition1,square,picture_bw_square,picture,[0],2567,43,,
105,condition1,curly,hair_curly_blonde,hair,[1],2800,44,,
105,condition1,long,pencil_long_black,pencil,[0.99],4051,45,,
105,condition1,straight,hair_straight_blond,hair,[0],3991,46,,
105,condition1,dirty,spoon_metal_dirty,spoon,[1],10375,47,,
105,condition1,striped,frog_striped_green,frog,[0.98],2930,48,,
31,condition1,,,Susan,Susan,0,1,bot_check,
31,condition1,mustache-touting,man2_mustached_glassed,man,[0.72],9398,3,,
31,condition1,straight,hair_straight_blond,hair,[0.63],9680,4,,
31,condition1,young,man_young_bearded,man,[0.74],5157,5,,
31,condition1,black,nails_black_glossy,nails,[0.23],2663,6,,
31,condition1,striped,frog_striped_green,frog,[0.24],2972,7,,
31,condition1,glasses-wearing,man2_bearded_glassed,man,[0.25],2725,8,,
31,condition1,clean,spoon_metal_clean,spoon,[0.8],3424,9,,
31,condition1,red,frog_spotted_red,frog,[0.18],3252,10,,
31,condition1,brown,hair_curly_brown,hair,[0.26],2483,11,,
31,condition1,sad,woman_old_sad,woman,[0.81],2078,12,,
31,condition1,glass,bottle_glass_big,bottle,[0.17],2214,13,,
31,condition1,high,table_metal_high,table,[0.52],4580,14,,
31,condition1,wooden,spoon_wooden_clean,spoon,[0.12],2848,15,,
31,condition1,old,man_old_bearded,man,[0.84],1845,16,,
31,condition1,plastic,bottle_plastic_big,bottle,[0.22],2055,17,,
31,condition1,metal,spoon_metal_clean,spoon,[0.08],1853,18,,
31,condition1,triangular,earring_big_triangular,earring,[0.1],3337,19,,
31,condition1,hat-wearing,man2_bearded_hatted,man,[0.24],3554,20,,
31,condition1,spotted,frog_spotted_green,frog,[0.12],1874,21,,
31,condition1,dry,shorts_dry_green,shorts,[0.36],3385,22,,
31,condition1,black and white,picture_bw_rectangular,picture,[0.14],2300,23,,
31,condition1,bearded,man_old_bearded,man,[0.43],3732,24,,
31,condition1,open,box_open_cardboard,box,[0.59],3740,25,,
31,condition1,low,table_metal_low,table,[0.68],2073,26,,
31,condition1,curly,hair_curly_blonde,hair,[0.63],9008,27,,
31,condition1,dirty,spoon_metal_dirty,spoon,[0.66],2725,28,,
31,condition1,wet,shorts_wet_green,shorts,[0.61],1728,29,,
31,condition1,big,bottle_glass_big,bottle,[0.87],2445,30,,
31,condition1,fat,woman2_happy_fat,woman,[0.8],2351,31,,
31,condition1,matte,nails_black_matte,nails,[0.23],2539,32,,
31,condition1,short,pencil_short_black,pencil,[0.8],1832,33,,
31,condition1,skinny,woman2_happy_skinny,woman,[0.85],1892,34,,
31,condition1,round,earring_big_round,earring,[0.16],2160,35,,
31,condition1,blue,pencil_long_blue,pencil,[0.11],2140,36,,
31,condition1,small,bottle_glass_small,bottle,[0.92],2281,37,,
31,condition1,colored,picture_colored_rectangular,picture,[0.32],2061,38,,
31,condition1,clean-shaven,man_old_cleanshaven,man,[0.33],2555,39,,
31,condition1,happy,woman_old_happy,woman,[0.82],2297,40,,
31,condition1,square,picture_bw_square,picture,[0.17],1944,41,,
31,condition1,cardboard,box_closed_cardboard,box,[0.1],2033,42,,
31,condition1,blond,hair_curly_blonde,hair,[0.29],2132,43,,
31,condition1,long,pencil_long_black,pencil,[0.77],1984,44,,
31,condition1,glossy,nails_black_glossy,nails,[0.18],2355,45,,
31,condition1,closed,box_closed_cardboard,box,[0.38],3117,46,,
31,condition1,green,frog_spotted_green,frog,[0.16],1969,47,,
31,condition1,rectangular,picture_bw_rectangular,picture,[0.19],2868,48,,
33,condition1,,,Elizabeth,Elizabeth,0,1,bot_check,
33,condition1,glasses-wearing,man2_bearded_glassed,man,[0.44],9527,3,,
33,condition1,mustache-touting,man2_mustached_glassed,man,[0.68],2583,4,,
33,condition1,green,frog_spotted_green,frog,[0.04],14240,5,,
33,condition1,metal,spoon_metal_clean,spoon,[0.29],6602,6,,
33,condition1,colored,picture_colored_rectangular,picture,[0.55],4191,7,,
33,condition1,fat,woman2_happy_fat,woman,[0.92],2814,8,,
33,condition1,bearded,man_old_bearded,man,[0.72],3198,9,,
33,condition1,rectangular,picture_bw_rectangular,picture,[0.74],3330,10,,
33,condition1,curly,hair_curly_blonde,hair,[0.76],2511,11,,
33,condition1,black and white,picture_bw_rectangular,picture,[0.53],2384,12,,
33,condition1,matte,nails_black_matte,nails,[0.14],5697,13,,
33,condition1,sad,woman_old_sad,woman,[0.1],8989,14,,
33,condition1,clean-shaven,man_old_cleanshaven,man,[0.89],4732,15,,
33,condition1,triangular,earring_big_triangular,earring,[1],3398,16,,
33,condition1,closed,box_closed_cardboard,box,[0.03],3404,17,,
33,condition1,young,man_young_bearded,man,[0.99],4375,18,,
33,condition1,brown,hair_curly_brown,hair,[0.5],6048,19,,
33,condition1,spotted,frog_spotted_green,frog,[0.5],1890,20,,
33,condition1,striped,frog_striped_green,frog,[0.55],3037,21,,
33,condition1,square,picture_bw_square,picture,[0],3937,22,,
33,condition1,happy,woman_old_happy,woman,[0.99],3450,23,,
33,condition1,cardboard,box_closed_cardboard,box,[0],2586,24,,
33,condition1,hat-wearing,man2_bearded_hatted,man,[0.15],3211,25,,
33,condition1,glass,bottle_glass_big,bottle,[0.5],16536,26,,
33,condition1,short,pencil_short_black,pencil,[0.5],8713,27,,
33,condition1,glossy,nails_black_glossy,nails,[0.12],12627,28,,
33,condition1,big,bottle_glass_big,bottle,[0.13],9288,29,,
33,condition1,skinny,woman2_happy_skinny,woman,[0.73],3265,30,,
33,condition1,long,pencil_long_black,pencil,[0.24],4568,31,,
33,condition1,red,frog_spotted_red,frog,[0.29],6136,32,,
33,condition1,low,table_metal_low,table,[0.81],4507,33,,
33,condition1,wooden,spoon_wooden_clean,spoon,[0.83],4752,34,,
33,condition1,blond,hair_curly_blonde,hair,[0.12],8547,35,,
33,condition1,clean,spoon_metal_clean,spoon,[0.1],2504,36,,
33,condition1,black,nails_black_glossy,nails,[0.88],5280,37,,
33,condition1,wet,shorts_wet_green,shorts,[0.22],4209,38,,
33,condition1,high,table_metal_high,table,[0.83],4559,39,,
33,condition1,plastic,bottle_plastic_big,bottle,[0.82],4858,40,,
33,condition1,dry,shorts_dry_green,shorts,[0.62],341798,41,,
33,condition1,open,box_open_cardboard,box,[0.51],863952,42,,
33,condition1,old,man_old_bearded,man,[0.73],8666,43,,
33,condition1,blue,pencil_long_blue,pencil,[0.45],1255,44,,
33,condition1,dirty,spoon_metal_dirty,spoon,[0.68],1352,45,,
33,condition1,round,earring_big_round,earring,[0.51],1100,46,,
33,condition1,small,bottle_glass_small,bottle,[0.75],1096,47,,
33,condition1,straight,hair_straight_blond,hair,[0.41],1118,48,,
